{
  "Battle Fright": {
    "name": "Battle Fright",
    "partAffected": "body",
    "isHealable": true,
    "effects": {
      "moraleBonus": -5
    },
    "properties": null
  },
  "Chest Wound": {
    "name": "Chest Wound",
    "partAffected": "body",
    "isHealable": true,
    "effects": {
      "encumbrance": 5,
      "strengthBonus": -1
    },
    "properties": null
  },
  "Diseased": {
    "name": "Diseased",
    "partAffected": "body",
    "isHealable": true,
    "effects": {
      "noHealNaturally": 0
    },
    "properties": [
      "priority"
    ]
  },
  "Never Healing Wound": {
    "name": "Never Healing Wound",
    "partAffected": "body",
    "isHealable": false,
    "effects": {
      "maxHPPercentage": -20
    },
    "properties": null
  },
  "Damaged arm": {
    "name": "Damaged arm",
    "partAffected": "arm",
    "isHealable": true,
    "effects": {
      "handsBonus": -1
    },
    "properties": null
  },
  "Lost arm": {
    "name": "Lost arm",
    "partAffected": "arm",
    "isHealable": false,
    "effects": {
      "handsBonus": -1
    },
    "properties": null
  },
  "Weakened": {
    "name": "Weakened",
    "partAffected": "arm",
    "isHealable": true,
    "effects": {
      "strengthBonus": -4
    },
    "properties": null
  },
  "Limp": {
    "name": "Limp",
    "partAffected": "leg",
    "isHealable": true,
    "effects": {
      "attackBonus": -1,
      "defenceBonus": -1
    },
    "properties": null
  },
  "Crippled": {
    "name": "Crippled",
    "partAffected": "leg",
    "isHealable": false,
    "effects": {
      "attackBonus": -4,
      "defenceBonus": -4
    },
    "properties": null
  },
  "Damaged eye": {
    "name": "Damaged eye",
    "partAffected": "eye",
    "isHealable": true,
    "effects": {
      "attackBonus": -2,
      "defenceBonus": -2
    },
    "properties": null
  },
  "Lost eye": {
    "name": "Lost eye",
    "partAffected": "eye",
    "isHealable": false,
    "effects": {
      "attackBonus": -2,
      "defenceBonus": -2,
      "precisionBonus": -3
    },
    "properties": null
  },
  "Blind": {
    "name": "Blind",
    "partAffected": "eye",
    "isHealable": false,
    "effects": {
      "attackBonus": -9,
      "defenceBonus": -9,
      "precisionBonus": -9
    },
    "properties": null
  }
}