{
  "a1": {
    "id": "a1",
    "name": "buckler",
    "cost": {
      "gold": 3.5
    },
    "protection": {
      "eye": 0,
      "head": 0,
      "body": 0,
      "arm": 0,
      "leg": 0,
      "wing": 0
    },
    "shieldProtection": 14,
    "defence": 0,
    "parry": 2,
    "encumbrance": 0,
    "slotType": "hands",
    "requiredSlots": 1,
    "abilities": null,
    "properties": null,
    "rarity": 0,
    "categories": [
      "Shields"
    ]
  },
  "a2": {
    "id": "a2",
    "name": "shield",
    "cost": {
      "gold": 5
    },
    "protection": {
      "eye": 0,
      "head": 0,
      "body": 0,
      "arm": 0,
      "leg": 0,
      "wing": 0
    },
    "shieldProtection": 16,
    "defence": -1,
    "parry": 4,
    "encumbrance": 1,
    "slotType": "hands",
    "requiredSlots": 1,
    "abilities": null,
    "properties": null,
    "rarity": 0,
    "categories": [
      "Shields"
    ]
  },
  "a3": {
    "id": "a3",
    "name": "kite shield",
    "cost": {
      "gold": 8
    },
    "protection": {
      "eye": 0,
      "head": 0,
      "body": 0,
      "arm": 0,
      "leg": 0,
      "wing": 0
    },
    "shieldProtection": 19,
    "defence": -2,
    "parry": 6,
    "encumbrance": 2,
    "slotType": "hands",
    "requiredSlots": 1,
    "abilities": null,
    "properties": null,
    "rarity": 0,
    "categories": [
      "Shields"
    ]
  },
  "a4": {
    "id": "a4",
    "name": "tower shield",
    "cost": {
      "gold": 8
    },
    "protection": {
      "eye": 0,
      "head": 0,
      "body": 0,
      "arm": 0,
      "leg": 0,
      "wing": 0
    },
    "shieldProtection": 16,
    "defence": -2,
    "parry": 7,
    "encumbrance": 2,
    "slotType": "hands",
    "requiredSlots": 1,
    "abilities": null,
    "properties": null,
    "rarity": 0,
    "categories": [
      "Shields"
    ]
  },
  "a5": {
    "id": "a5",
    "name": "leather cuirass",
    "cost": {
      "gold": 5.5
    },
    "protection": {
      "eye": 0,
      "head": 0,
      "body": 6,
      "arm": 6,
      "leg": 6,
      "wing": 6
    },
    "shieldProtection": 0,
    "defence": 0,
    "parry": 0,
    "encumbrance": 0,
    "slotType": "body",
    "requiredSlots": 1,
    "abilities": null,
    "properties": null,
    "rarity": 0,
    "categories": [
      "Light armors"
    ]
  },
  "a6": {
    "id": "a6",
    "name": "ring mail cuirass",
    "cost": {
      "gold": 9
    },
    "protection": {
      "eye": 0,
      "head": 0,
      "body": 8,
      "arm": 8,
      "leg": 8,
      "wing": 8
    },
    "shieldProtection": 0,
    "defence": 0,
    "parry": 0,
    "encumbrance": 0,
    "slotType": "body",
    "requiredSlots": 1,
    "abilities": null,
    "properties": null,
    "rarity": 0,
    "categories": [
      "Light armors"
    ]
  },
  "a7": {
    "id": "a7",
    "name": "scale mail cuirass",
    "cost": {
      "gold": 9
    },
    "protection": {
      "eye": 0,
      "head": 0,
      "body": 10,
      "arm": 10,
      "leg": 10,
      "wing": 10
    },
    "shieldProtection": 0,
    "defence": -1,
    "parry": 0,
    "encumbrance": 1,
    "slotType": "body",
    "requiredSlots": 1,
    "abilities": null,
    "properties": null,
    "rarity": 0,
    "categories": [
      "Light armors"
    ]
  },
  "a8": {
    "id": "a8",
    "name": "chain mail cuirass",
    "cost": {
      "gold": 12
    },
    "protection": {
      "eye": 0,
      "head": 0,
      "body": 12,
      "arm": 12,
      "leg": 12,
      "wing": 12
    },
    "shieldProtection": 0,
    "defence": -1,
    "parry": 0,
    "encumbrance": 1,
    "slotType": "body",
    "requiredSlots": 1,
    "abilities": null,
    "properties": null,
    "rarity": 0,
    "categories": [
      "Light armors"
    ]
  },
  "a9": {
    "id": "a9",
    "name": "plate cuirass",
    "cost": {
      "gold": 16
    },
    "protection": {
      "eye": 0,
      "head": 0,
      "body": 14,
      "arm": 14,
      "leg": 14,
      "wing": 14
    },
    "shieldProtection": 0,
    "defence": -1,
    "parry": 0,
    "encumbrance": 2,
    "slotType": "body",
    "requiredSlots": 1,
    "abilities": null,
    "properties": null,
    "rarity": 0,
    "categories": [
      "Medium armors"
    ]
  },
  "a10": {
    "id": "a10",
    "name": "leather hauberk",
    "cost": {
      "gold": 9
    },
    "protection": {
      "eye": 0,
      "head": 0,
      "body": 8,
      "arm": 8,
      "leg": 8,
      "wing": 8
    },
    "shieldProtection": 0,
    "defence": 0,
    "parry": 0,
    "encumbrance": 0,
    "slotType": "body",
    "requiredSlots": 1,
    "abilities": null,
    "properties": null,
    "rarity": 0,
    "categories": [
      "Light armors"
    ]
  },
  "a11": {
    "id": "a11",
    "name": "ring mail hauberk",
    "cost": {
      "gold": 12
    },
    "protection": {
      "eye": 0,
      "head": 0,
      "body": 10,
      "arm": 10,
      "leg": 10,
      "wing": 10
    },
    "shieldProtection": 0,
    "defence": -1,
    "parry": 0,
    "encumbrance": 1,
    "slotType": "body",
    "requiredSlots": 1,
    "abilities": null,
    "properties": null,
    "rarity": 0,
    "categories": [
      "Light armors"
    ]
  },
  "a12": {
    "id": "a12",
    "name": "scale mail hauberk",
    "cost": {
      "gold": 14.5
    },
    "protection": {
      "eye": 0,
      "head": 0,
      "body": 13,
      "arm": 13,
      "leg": 13,
      "wing": 13
    },
    "shieldProtection": 0,
    "defence": -1,
    "parry": 0,
    "encumbrance": 2,
    "slotType": "body",
    "requiredSlots": 1,
    "abilities": null,
    "properties": null,
    "rarity": 0,
    "categories": [
      "Medium armors"
    ]
  },
  "a13": {
    "id": "a13",
    "name": "chain mail hauberk",
    "cost": {
      "gold": 13
    },
    "protection": {
      "eye": 0,
      "head": 0,
      "body": 15,
      "arm": 15,
      "leg": 15,
      "wing": 15
    },
    "shieldProtection": 0,
    "defence": -2,
    "parry": 0,
    "encumbrance": 2,
    "slotType": "body",
    "requiredSlots": 1,
    "abilities": null,
    "properties": null,
    "rarity": 0,
    "categories": [
      "Medium armors"
    ]
  },
  "a14": {
    "id": "a14",
    "name": "plate hauberk",
    "cost": {
      "gold": 18
    },
    "protection": {
      "eye": 0,
      "head": 0,
      "body": 18,
      "arm": 18,
      "leg": 18,
      "wing": 18
    },
    "shieldProtection": 0,
    "defence": -3,
    "parry": 0,
    "encumbrance": 4,
    "slotType": "body",
    "requiredSlots": 1,
    "abilities": null,
    "properties": null,
    "rarity": 0,
    "categories": [
      "Heavy armors"
    ]
  },
  "a15": {
    "id": "a15",
    "name": "full leather armor",
    "cost": {
      "gold": 10
    },
    "protection": {
      "eye": 0,
      "head": 0,
      "body": 9,
      "arm": 9,
      "leg": 9,
      "wing": 9
    },
    "shieldProtection": 0,
    "defence": -1,
    "parry": 0,
    "encumbrance": 1,
    "slotType": "body",
    "requiredSlots": 1,
    "abilities": null,
    "properties": null,
    "rarity": 0,
    "categories": [
      "Light armors"
    ]
  },
  "a16": {
    "id": "a16",
    "name": "full ring mail",
    "cost": {
      "gold": 12
    },
    "protection": {
      "eye": 0,
      "head": 0,
      "body": 12,
      "arm": 12,
      "leg": 12,
      "wing": 12
    },
    "shieldProtection": 0,
    "defence": -2,
    "parry": 0,
    "encumbrance": 2,
    "slotType": "body",
    "requiredSlots": 1,
    "abilities": null,
    "properties": null,
    "rarity": 0,
    "categories": [
      "Medium armors"
    ]
  },
  "a17": {
    "id": "a17",
    "name": "full scale mail",
    "cost": {
      "gold": 13
    },
    "protection": {
      "eye": 0,
      "head": 0,
      "body": 15,
      "arm": 15,
      "leg": 15,
      "wing": 15
    },
    "shieldProtection": 0,
    "defence": -2,
    "parry": 0,
    "encumbrance": 3,
    "slotType": "body",
    "requiredSlots": 1,
    "abilities": null,
    "properties": null,
    "rarity": 0,
    "categories": [
      "Medium armors"
    ]
  },
  "a18": {
    "id": "a18",
    "name": "full chain mail",
    "cost": {
      "gold": 18
    },
    "protection": {
      "eye": 0,
      "head": 0,
      "body": 18,
      "arm": 18,
      "leg": 18,
      "wing": 18
    },
    "shieldProtection": 0,
    "defence": -3,
    "parry": 0,
    "encumbrance": 3,
    "slotType": "body",
    "requiredSlots": 1,
    "abilities": null,
    "properties": null,
    "rarity": 0,
    "categories": [
      "Medium armors"
    ]
  },
  "a19": {
    "id": "a19",
    "name": "full plate mail",
    "cost": {
      "gold": 25
    },
    "protection": {
      "eye": 0,
      "head": 0,
      "body": 21,
      "arm": 21,
      "leg": 21,
      "wing": 21
    },
    "shieldProtection": 0,
    "defence": -3,
    "parry": 0,
    "encumbrance": 5,
    "slotType": "body",
    "requiredSlots": 1,
    "abilities": null,
    "properties": null,
    "rarity": 0,
    "categories": [
      "Heavy armors"
    ]
  },
  "a20": {
    "id": "a20",
    "name": "iron cap",
    "cost": {
      "gold": 6.5
    },
    "protection": {
      "eye": 16,
      "head": 16,
      "body": 0,
      "arm": 0,
      "leg": 0,
      "wing": 0
    },
    "shieldProtection": 0,
    "defence": 0,
    "parry": 0,
    "encumbrance": 0,
    "slotType": "head",
    "requiredSlots": 1,
    "abilities": null,
    "properties": null,
    "rarity": 0,
    "categories": [
      "Helmets"
    ]
  },
  "a21": {
    "id": "a21",
    "name": "full helmet",
    "cost": {
      "gold": 5
    },
    "protection": {
      "eye": 21,
      "head": 21,
      "body": 0,
      "arm": 0,
      "leg": 0,
      "wing": 0
    },
    "shieldProtection": 0,
    "defence": -1,
    "parry": 0,
    "encumbrance": 0,
    "slotType": "head",
    "requiredSlots": 1,
    "abilities": null,
    "properties": null,
    "rarity": 0,
    "categories": [
      "Helmets"
    ]
  },
  "a22": {
    "id": "a22",
    "name": "coral cuirass",
    "cost": {
      "gold": 32,
      "emeralds": 1
    },
    "protection": {
      "eye": 0,
      "head": 0,
      "body": 10,
      "arm": 10,
      "leg": 10,
      "wing": 10
    },
    "shieldProtection": 0,
    "defence": -1,
    "parry": 0,
    "encumbrance": 2,
    "slotType": "body",
    "requiredSlots": 1,
    "abilities": {
      "poisonBarbs": 10
    },
    "properties": null,
    "rarity": 0,
    "categories": [
      "Medium armors"
    ]
  },
  "a23": {
    "id": "a23",
    "name": "coral hauberk",
    "cost": {
      "gold": 20,
      "emeralds": 1
    },
    "protection": {
      "eye": 0,
      "head": 0,
      "body": 12,
      "arm": 12,
      "leg": 12,
      "wing": 12
    },
    "shieldProtection": 0,
    "defence": -2,
    "parry": 0,
    "encumbrance": 3,
    "slotType": "body",
    "requiredSlots": 1,
    "abilities": {
      "poisonBarbs": 10
    },
    "properties": null,
    "rarity": 0,
    "categories": [
      "Medium armors"
    ]
  },
  "a24": {
    "id": "a24",
    "name": "coral cap",
    "cost": {
      "gold": 6
    },
    "protection": {
      "eye": 14,
      "head": 14,
      "body": 0,
      "arm": 0,
      "leg": 0,
      "wing": 0
    },
    "shieldProtection": 0,
    "defence": 0,
    "parry": 0,
    "encumbrance": 0,
    "slotType": "head",
    "requiredSlots": 1,
    "abilities": null,
    "properties": null,
    "rarity": 0,
    "categories": [
      "Helmets"
    ]
  },
  "a25": {
    "id": "a25",
    "name": "turtle shell shield",
    "cost": {
      "gold": 4
    },
    "protection": {
      "eye": 0,
      "head": 0,
      "body": 0,
      "arm": 0,
      "leg": 0,
      "wing": 0
    },
    "shieldProtection": 15,
    "defence": -1,
    "parry": 4,
    "encumbrance": 1,
    "slotType": "hands",
    "requiredSlots": 1,
    "abilities": null,
    "properties": null,
    "rarity": 0,
    "categories": [
      "Shields"
    ]
  },
  "a26": {
    "id": "a26",
    "name": "ice cuirass",
    "cost": {
      "gold": 18
    },
    "protection": {
      "eye": 0,
      "head": 0,
      "body": 14,
      "arm": 14,
      "leg": 14,
      "wing": 14
    },
    "shieldProtection": 0,
    "defence": -1,
    "parry": 0,
    "encumbrance": 1,
    "slotType": "body",
    "requiredSlots": 1,
    "abilities": {
      "iceProtection": 1
    },
    "properties": null,
    "rarity": 1,
    "categories": [
      "Light armors"
    ]
  },
  "a27": {
    "id": "a27",
    "name": "ice hauberk",
    "cost": {
      "gold": 24
    },
    "protection": {
      "eye": 0,
      "head": 0,
      "body": 17,
      "arm": 17,
      "leg": 17,
      "wing": 17
    },
    "shieldProtection": 0,
    "defence": -2,
    "parry": 0,
    "encumbrance": 2,
    "slotType": "body",
    "requiredSlots": 1,
    "abilities": {
      "iceProtection": 1.3
    },
    "properties": null,
    "rarity": 1,
    "categories": [
      "Medium armors"
    ]
  },
  "a28": {
    "id": "a28",
    "name": "ice aegis",
    "cost": {
      "gold": 15
    },
    "protection": {
      "eye": 0,
      "head": 0,
      "body": 0,
      "arm": 0,
      "leg": 0,
      "wing": 0
    },
    "shieldProtection": 18,
    "defence": -1,
    "parry": 6,
    "encumbrance": 1,
    "slotType": "hands",
    "requiredSlots": 1,
    "abilities": {
      "iceProtection": 0.8
    },
    "properties": null,
    "rarity": 1,
    "categories": [
      "Shields"
    ]
  },
  "a29": {
    "id": "a29",
    "name": "ice cap",
    "cost": {
      "gold": 7
    },
    "protection": {
      "eye": 15,
      "head": 15,
      "body": 0,
      "arm": 0,
      "leg": 0,
      "wing": 0
    },
    "shieldProtection": 0,
    "defence": 0,
    "parry": 0,
    "encumbrance": 0,
    "slotType": "head",
    "requiredSlots": 1,
    "abilities": {
      "iceProtection": 0.3
    },
    "properties": null,
    "rarity": 1,
    "categories": [
      "Helmets"
    ]
  },
  "a44": {
    "id": "a44",
    "name": "furs",
    "cost": {
      "gold": 4.5
    },
    "protection": {
      "eye": 0,
      "head": 0,
      "body": 7,
      "arm": 7,
      "leg": 7,
      "wing": 7
    },
    "shieldProtection": 0,
    "defence": -1,
    "parry": 0,
    "encumbrance": 1,
    "slotType": "body",
    "requiredSlots": 1,
    "abilities": null,
    "properties": null,
    "rarity": 0,
    "categories": [
      "Light armors"
    ]
  },
  "a52": {
    "id": "a52",
    "name": "ice studded armor",
    "cost": {
      "gold": 15
    },
    "protection": {
      "eye": 0,
      "head": 0,
      "body": 10,
      "arm": 10,
      "leg": 10,
      "wing": 10
    },
    "shieldProtection": 0,
    "defence": -1,
    "parry": 0,
    "encumbrance": 0,
    "slotType": "body",
    "requiredSlots": 1,
    "abilities": {
      "iceProtection": 0.7
    },
    "properties": null,
    "rarity": 1,
    "categories": [
      "Light armors"
    ]
  },
  "a53": {
    "id": "a53",
    "name": "meteorite armor",
    "cost": {
      "gold": 25
    },
    "protection": {
      "eye": 0,
      "head": 0,
      "body": 18,
      "arm": 18,
      "leg": 18,
      "wing": 18
    },
    "shieldProtection": 0,
    "defence": -2,
    "parry": 0,
    "encumbrance": 4,
    "slotType": "body",
    "requiredSlots": 1,
    "abilities": {
      "magicResistanceBonus": 3
    },
    "properties": null,
    "rarity": 1,
    "categories": [
      "Heavy armors"
    ]
  },
  "a84": {
    "id": "a84",
    "name": "amber hauberk",
    "cost": {
      "gold": 20
    },
    "protection": {
      "eye": 0,
      "head": 0,
      "body": 16,
      "arm": 16,
      "leg": 16,
      "wing": 16
    },
    "shieldProtection": 0,
    "defence": -2,
    "parry": 0,
    "encumbrance": 3,
    "slotType": "body",
    "requiredSlots": 1,
    "abilities": null,
    "properties": null,
    "rarity": 0,
    "categories": [
      "Medium armors"
    ]
  },
  "a85": {
    "id": "a85",
    "name": "amber shield",
    "cost": {
      "gold": 6
    },
    "protection": {
      "eye": 0,
      "head": 0,
      "body": 0,
      "arm": 0,
      "leg": 0,
      "wing": 0
    },
    "shieldProtection": 16,
    "defence": -1,
    "parry": 4,
    "encumbrance": 1,
    "slotType": "hands",
    "requiredSlots": 1,
    "abilities": null,
    "properties": null,
    "rarity": 0,
    "categories": [
      "Shields"
    ]
  },
  "a86": {
    "id": "a86",
    "name": "amber helmet",
    "cost": {
      "gold": 6.5
    },
    "protection": {
      "eye": 16,
      "head": 16,
      "body": 0,
      "arm": 0,
      "leg": 0,
      "wing": 0
    },
    "shieldProtection": 0,
    "defence": 0,
    "parry": 0,
    "encumbrance": 0,
    "slotType": "head",
    "requiredSlots": 1,
    "abilities": null,
    "properties": null,
    "rarity": 0,
    "categories": [
      "Helmets"
    ]
  },
  "a91": {
    "id": "a91",
    "name": "full plate of ulm",
    "cost": {
      "gold": 25
    },
    "protection": {
      "eye": 0,
      "head": 0,
      "body": 22,
      "arm": 22,
      "leg": 22,
      "wing": 22
    },
    "shieldProtection": 0,
    "defence": -3,
    "parry": 0,
    "encumbrance": 4,
    "slotType": "body",
    "requiredSlots": 1,
    "abilities": null,
    "properties": null,
    "rarity": 1,
    "categories": [
      "Heavy armors"
    ]
  },
  "a99": {
    "id": "a99",
    "name": "lorica segmentata",
    "cost": {
      "gold": 14.5
    },
    "protection": {
      "eye": 0,
      "head": 0,
      "body": 13,
      "arm": 13,
      "leg": 13,
      "wing": 13
    },
    "shieldProtection": 0,
    "defence": -1,
    "parry": 0,
    "encumbrance": 2,
    "slotType": "body",
    "requiredSlots": 1,
    "abilities": null,
    "properties": null,
    "rarity": 0,
    "categories": [
      "Medium armors"
    ]
  },
  "a100": {
    "id": "a100",
    "name": "bronze cuirass",
    "cost": {
      "gold": 14
    },
    "protection": {
      "eye": 0,
      "head": 0,
      "body": 13,
      "arm": 13,
      "leg": 13,
      "wing": 13
    },
    "shieldProtection": 0,
    "defence": -1,
    "parry": 0,
    "encumbrance": 3,
    "slotType": "body",
    "requiredSlots": 1,
    "abilities": null,
    "properties": null,
    "rarity": 0,
    "categories": [
      "Medium armors"
    ]
  },
  "a101": {
    "id": "a101",
    "name": "bronze hauberk",
    "cost": {
      "gold": 18
    },
    "protection": {
      "eye": 0,
      "head": 0,
      "body": 17,
      "arm": 17,
      "leg": 17,
      "wing": 17
    },
    "shieldProtection": 0,
    "defence": -2,
    "parry": 0,
    "encumbrance": 5,
    "slotType": "body",
    "requiredSlots": 1,
    "abilities": null,
    "properties": null,
    "rarity": 0,
    "categories": [
      "Heavy armors"
    ]
  },
  "a104": {
    "id": "a104",
    "name": "mitclan armor",
    "cost": {
      "gold": 12
    },
    "protection": {
      "eye": 0,
      "head": 0,
      "body": 11,
      "arm": 11,
      "leg": 11,
      "wing": 11
    },
    "shieldProtection": 0,
    "defence": -1,
    "parry": 0,
    "encumbrance": 2,
    "slotType": "body",
    "requiredSlots": 1,
    "abilities": null,
    "properties": null,
    "rarity": 0,
    "categories": [
      "Medium armors"
    ]
  },
  "a105": {
    "id": "a105",
    "name": "hide shield",
    "cost": {
      "gold": 2
    },
    "protection": {
      "eye": 0,
      "head": 0,
      "body": 0,
      "arm": 0,
      "leg": 0,
      "wing": 0
    },
    "shieldProtection": 11,
    "defence": -1,
    "parry": 4,
    "encumbrance": 1,
    "slotType": "hands",
    "requiredSlots": 1,
    "abilities": null,
    "properties": null,
    "rarity": 0,
    "categories": [
      "Shields"
    ]
  },
  "a106": {
    "id": "a106",
    "name": "mitclan copper scale armor",
    "cost": {
      "gold": 13
    },
    "protection": {
      "eye": 0,
      "head": 0,
      "body": 13,
      "arm": 13,
      "leg": 13,
      "wing": 13
    },
    "shieldProtection": 0,
    "defence": -1,
    "parry": 0,
    "encumbrance": 3,
    "slotType": "body",
    "requiredSlots": 1,
    "abilities": null,
    "properties": null,
    "rarity": 0,
    "categories": [
      "Medium armors"
    ]
  },
  "a111": {
    "id": "a111",
    "name": "spider armor",
    "cost": {
      "gold": 22
    },
    "protection": {
      "eye": 0,
      "head": 0,
      "body": 19,
      "arm": 19,
      "leg": 19,
      "wing": 19
    },
    "shieldProtection": 0,
    "defence": -3,
    "parry": 0,
    "encumbrance": 4,
    "slotType": "body",
    "requiredSlots": 1,
    "abilities": null,
    "properties": null,
    "rarity": 1,
    "categories": [
      "Heavy armors"
    ]
  },
  "a112": {
    "id": "a112",
    "name": "great hide shield",
    "cost": {
      "gold": 4
    },
    "protection": {
      "eye": 0,
      "head": 0,
      "body": 0,
      "arm": 0,
      "leg": 0,
      "wing": 0
    },
    "shieldProtection": 11,
    "defence": -1,
    "parry": 6,
    "encumbrance": 1,
    "slotType": "hands",
    "requiredSlots": 1,
    "abilities": null,
    "properties": null,
    "rarity": 0,
    "categories": [
      "Shields"
    ]
  },
  "a114": {
    "id": "a114",
    "name": "turtle shell hauberk",
    "cost": {
      "gold": 7
    },
    "protection": {
      "eye": 0,
      "head": 0,
      "body": 9,
      "arm": 9,
      "leg": 9,
      "wing": 9
    },
    "shieldProtection": 0,
    "defence": -2,
    "parry": 0,
    "encumbrance": 1,
    "slotType": "body",
    "requiredSlots": 1,
    "abilities": null,
    "properties": null,
    "rarity": 0,
    "categories": [
      "Light armors"
    ]
  },
  "a115": {
    "id": "a115",
    "name": "icarian wings",
    "cost": {
      "gold": 10
    },
    "protection": {
      "eye": 0,
      "head": 0,
      "body": 8,
      "arm": 8,
      "leg": 8,
      "wing": 8
    },
    "shieldProtection": 0,
    "defence": -3,
    "parry": 0,
    "encumbrance": 3,
    "slotType": "body",
    "requiredSlots": 1,
    "abilities": null,
    "properties": [
      "Flying"
    ],
    "rarity": 1,
    "categories": [
      "Medium armors"
    ]
  },
  "a116": {
    "id": "a116",
    "name": "lorica hamata",
    "cost": {
      "gold": 12
    },
    "protection": {
      "eye": 0,
      "head": 0,
      "body": 10,
      "arm": 10,
      "leg": 10,
      "wing": 10
    },
    "shieldProtection": 0,
    "defence": -1,
    "parry": 0,
    "encumbrance": 1,
    "slotType": "body",
    "requiredSlots": 1,
    "abilities": null,
    "properties": null,
    "rarity": 0,
    "categories": [
      "Light armors"
    ]
  },
  "a117": {
    "id": "a117",
    "name": "lorica squamata",
    "cost": {
      "gold": 14
    },
    "protection": {
      "eye": 0,
      "head": 0,
      "body": 12,
      "arm": 12,
      "leg": 12,
      "wing": 12
    },
    "shieldProtection": 0,
    "defence": -1,
    "parry": 0,
    "encumbrance": 2,
    "slotType": "body",
    "requiredSlots": 1,
    "abilities": null,
    "properties": null,
    "rarity": 0,
    "categories": [
      "Medium armors"
    ]
  },
  "a118": {
    "id": "a118",
    "name": "half helmet",
    "cost": {
      "gold": 7.5
    },
    "protection": {
      "eye": 18,
      "head": 18,
      "body": 0,
      "arm": 0,
      "leg": 0,
      "wing": 0
    },
    "shieldProtection": 0,
    "defence": 0,
    "parry": 0,
    "encumbrance": 0,
    "slotType": "head",
    "requiredSlots": 1,
    "abilities": null,
    "properties": null,
    "rarity": 0,
    "categories": [
      "Helmets"
    ]
  },
  "a119": {
    "id": "a119",
    "name": "reinforced leather cap",
    "cost": {
      "gold": 4
    },
    "protection": {
      "eye": 9,
      "head": 9,
      "body": 0,
      "arm": 0,
      "leg": 0,
      "wing": 0
    },
    "shieldProtection": 0,
    "defence": 0,
    "parry": 0,
    "encumbrance": 0,
    "slotType": "head",
    "requiredSlots": 1,
    "abilities": null,
    "properties": null,
    "rarity": 0,
    "categories": [
      "Helmets"
    ]
  },
  "a120": {
    "id": "a120",
    "name": "leather cap",
    "cost": {
      "gold": 3.5
    },
    "protection": {
      "eye": 7,
      "head": 7,
      "body": 0,
      "arm": 0,
      "leg": 0,
      "wing": 0
    },
    "shieldProtection": 0,
    "defence": 0,
    "parry": 0,
    "encumbrance": 0,
    "slotType": "head",
    "requiredSlots": 1,
    "abilities": null,
    "properties": null,
    "rarity": 0,
    "categories": [
      "Helmets"
    ]
  },
  "a121": {
    "id": "a121",
    "name": "leather hood",
    "cost": {
      "gold": 3
    },
    "protection": {
      "eye": 6,
      "head": 6,
      "body": 0,
      "arm": 0,
      "leg": 0
    },
    "shieldProtection": 0,
    "defence": 0,
    "parry": 0,
    "encumbrance": 0,
    "slotType": "head",
    "requiredSlots": 1,
    "abilities": null,
    "properties": null,
    "rarity": 0,
    "categories": [
      "Helmets"
    ]
  },
  "a123": {
    "id": "a123",
    "name": "hoplite helm",
    "cost": {
      "gold": 5
    },
    "protection": {
      "eye": 21,
      "head": 21,
      "body": 0,
      "arm": 0,
      "leg": 0,
      "wing": 0
    },
    "shieldProtection": 0,
    "defence": -1,
    "parry": 0,
    "encumbrance": 0,
    "slotType": "head",
    "requiredSlots": 1,
    "abilities": null,
    "properties": null,
    "rarity": 0,
    "categories": [
      "Helmets"
    ]
  },
  "a124": {
    "id": "a124",
    "name": "ice helmet",
    "cost": {
      "gold": 8
    },
    "protection": {
      "eye": 8,
      "head": 8,
      "body": 0,
      "arm": 0,
      "leg": 0,
      "wing": 0
    },
    "shieldProtection": 0,
    "defence": 0,
    "parry": 0,
    "encumbrance": 0,
    "slotType": "head",
    "requiredSlots": 1,
    "abilities": null,
    "properties": null,
    "rarity": 1,
    "categories": [
      "Helmets"
    ]
  },
  "a126": {
    "id": "a126",
    "name": "legionary helmet",
    "cost": {
      "gold": 8
    },
    "protection": {
      "eye": 19,
      "head": 19,
      "body": 0,
      "arm": 0,
      "leg": 0,
      "wing": 0
    },
    "shieldProtection": 0,
    "defence": 0,
    "parry": 0,
    "encumbrance": 0,
    "slotType": "head",
    "requiredSlots": 1,
    "abilities": null,
    "properties": null,
    "rarity": 0,
    "categories": [
      "Helmets"
    ]
  },
  "a127": {
    "id": "a127",
    "name": "legionary bronze helmet",
    "cost": {
      "gold": 7.5
    },
    "protection": {
      "eye": 18,
      "head": 18,
      "body": 0,
      "arm": 0,
      "leg": 0,
      "wing": 0
    },
    "shieldProtection": 0,
    "defence": 0,
    "parry": 0,
    "encumbrance": 0,
    "slotType": "head",
    "requiredSlots": 1,
    "abilities": null,
    "properties": null,
    "rarity": 0,
    "categories": [
      "Helmets"
    ]
  },
  "a128": {
    "id": "a128",
    "name": "ashigaru armor",
    "cost": {
      "gold": 14
    },
    "protection": {
      "eye": 0,
      "head": 0,
      "body": 12,
      "arm": 12,
      "leg": 12,
      "wing": 12
    },
    "shieldProtection": 0,
    "defence": -1,
    "parry": 0,
    "encumbrance": 2,
    "slotType": "body",
    "requiredSlots": 1,
    "abilities": null,
    "properties": null,
    "rarity": 0,
    "categories": [
      "Medium armors"
    ]
  },
  "a129": {
    "id": "a129",
    "name": "samurai armor",
    "cost": {
      "gold": 14
    },
    "protection": {
      "eye": 0,
      "head": 0,
      "body": 15,
      "arm": 15,
      "leg": 15,
      "wing": 15
    },
    "shieldProtection": 0,
    "defence": -2,
    "parry": 0,
    "encumbrance": 3,
    "slotType": "body",
    "requiredSlots": 1,
    "abilities": null,
    "properties": null,
    "rarity": 0,
    "categories": [
      "Medium armors"
    ]
  },
  "a130": {
    "id": "a130",
    "name": "heavy samurai armor",
    "cost": {
      "gold": 18
    },
    "protection": {
      "eye": 0,
      "head": 0,
      "body": 18,
      "arm": 18,
      "leg": 18,
      "wing": 18
    },
    "shieldProtection": 0,
    "defence": -3,
    "parry": 0,
    "encumbrance": 4,
    "slotType": "body",
    "requiredSlots": 1,
    "abilities": null,
    "properties": null,
    "rarity": 0,
    "categories": [
      "Heavy armors"
    ]
  },
  "a131": {
    "id": "a131",
    "name": "jingasa",
    "cost": {
      "gold": 6
    },
    "protection": {
      "eye": 13,
      "head": 13,
      "body": 0,
      "arm": 0,
      "leg": 0,
      "wing": 0
    },
    "shieldProtection": 0,
    "defence": 0,
    "parry": 0,
    "encumbrance": 0,
    "slotType": "head",
    "requiredSlots": 1,
    "abilities": null,
    "properties": null,
    "rarity": 0,
    "categories": [
      "Helmets"
    ]
  },
  "a132": {
    "id": "a132",
    "name": "kabuto",
    "cost": {
      "gold": 7
    },
    "protection": {
      "eye": 17,
      "head": 17,
      "body": 0,
      "arm": 0,
      "leg": 0,
      "wing": 0
    },
    "shieldProtection": 0,
    "defence": 0,
    "parry": 0,
    "encumbrance": 0,
    "slotType": "head",
    "requiredSlots": 1,
    "abilities": null,
    "properties": null,
    "rarity": 0,
    "categories": [
      "Helmets"
    ]
  },
  "a133": {
    "id": "a133",
    "name": "icicle mail",
    "cost": {
      "gold": 13
    },
    "protection": {
      "eye": 0,
      "head": 0,
      "body": 12,
      "arm": 12,
      "leg": 12,
      "wing": 12
    },
    "shieldProtection": 0,
    "defence": -1,
    "parry": 0,
    "encumbrance": 2,
    "slotType": "body",
    "requiredSlots": 1,
    "abilities": null,
    "properties": null,
    "rarity": 1,
    "categories": [
      "Medium armors"
    ]
  },
  "a134": {
    "id": "a134",
    "name": "turtle cap",
    "cost": {
      "gold": 4.5
    },
    "protection": {
      "eye": 10,
      "head": 10,
      "body": 0,
      "arm": 0,
      "leg": 0,
      "wing": 0
    },
    "shieldProtection": 0,
    "defence": 0,
    "parry": 0,
    "encumbrance": 0,
    "slotType": "head",
    "requiredSlots": 1,
    "abilities": null,
    "properties": null,
    "rarity": 0,
    "categories": [
      "Helmets"
    ]
  },
  "a135": {
    "id": "a135",
    "name": "bronze cap",
    "cost": {
      "gold": 6.5
    },
    "protection": {
      "eye": 15,
      "head": 15,
      "body": 0,
      "arm": 0,
      "leg": 0,
      "wing": 0
    },
    "shieldProtection": 0,
    "defence": 0,
    "parry": 0,
    "encumbrance": 0,
    "slotType": "head",
    "requiredSlots": 1,
    "abilities": null,
    "properties": null,
    "rarity": 0,
    "categories": [
      "Helmets"
    ]
  },
  "a136": {
    "id": "a136",
    "name": "bronze scale hauberk",
    "cost": {
      "gold": 14
    },
    "protection": {
      "eye": 0,
      "head": 0,
      "body": 12,
      "arm": 12,
      "leg": 12,
      "wing": 12
    },
    "shieldProtection": 0,
    "defence": -1,
    "parry": 0,
    "encumbrance": 2,
    "slotType": "body",
    "requiredSlots": 1,
    "abilities": null,
    "properties": null,
    "rarity": 0,
    "categories": [
      "Medium armors"
    ]
  },
  "a140": {
    "id": "a140",
    "name": "shell armor",
    "cost": {
      "gold": 12
    },
    "protection": {
      "eye": 0,
      "head": 0,
      "body": 10,
      "arm": 10,
      "leg": 10,
      "wing": 10
    },
    "shieldProtection": 0,
    "defence": -1,
    "parry": 0,
    "encumbrance": 1,
    "slotType": "body",
    "requiredSlots": 1,
    "abilities": null,
    "properties": null,
    "rarity": 0,
    "categories": [
      "Light armors"
    ]
  },
  "a141": {
    "id": "a141",
    "name": "blind helmet",
    "cost": {
      "gold": 8
    },
    "protection": {
      "eye": 23,
      "head": 23,
      "body": 0,
      "arm": 0,
      "leg": 0,
      "wing": 0
    },
    "shieldProtection": 0,
    "defence": 0,
    "parry": 0,
    "encumbrance": 0,
    "slotType": "head",
    "requiredSlots": 1,
    "abilities": null,
    "properties": [
      "blind"
    ],
    "rarity": 1,
    "categories": [
      "Helmets"
    ]
  },
  "a142": {
    "id": "a142",
    "name": "bronze scale cuirass",
    "cost": {
      "gold": 10
    },
    "protection": {
      "eye": 0,
      "head": 0,
      "body": 9,
      "arm": 9,
      "leg": 9,
      "wing": 9
    },
    "shieldProtection": 0,
    "defence": -1,
    "parry": 0,
    "encumbrance": 1,
    "slotType": "body",
    "requiredSlots": 1,
    "abilities": null,
    "properties": null,
    "rarity": 0,
    "categories": [
      "Light armors"
    ]
  },
  "a145": {
    "id": "a145",
    "name": "mask",
    "cost": {
      "gold": 3
    },
    "protection": {
      "eye": 7,
      "head": 7,
      "body": 0,
      "arm": 0,
      "leg": 0,
      "wing": 0
    },
    "shieldProtection": 0,
    "defence": -1,
    "parry": 0,
    "encumbrance": 0,
    "slotType": "head",
    "requiredSlots": 1,
    "abilities": null,
    "properties": null,
    "rarity": 0,
    "categories": [
      "Helmets"
    ]
  },
  "a146": {
    "id": "a146",
    "name": "ancestor armor",
    "cost": {
      "gold": 15
    },
    "protection": {
      "eye": 0,
      "head": 0,
      "body": 17,
      "arm": 17,
      "leg": 17,
      "wing": 17
    },
    "shieldProtection": 0,
    "defence": -3,
    "parry": 0,
    "encumbrance": 3,
    "slotType": "body",
    "requiredSlots": 1,
    "abilities": null,
    "properties": null,
    "rarity": 0,
    "categories": [
      "Medium armors"
    ]
  },
  "a148": {
    "id": "a148",
    "name": "crown",
    "cost": {
      "gold": 4.5
    },
    "protection": {
      "eye": 9,
      "head": 9,
      "body": 0,
      "arm": 0,
      "leg": 0,
      "wing": 0
    },
    "shieldProtection": 0,
    "defence": 0,
    "parry": 0,
    "encumbrance": 0,
    "slotType": "head",
    "requiredSlots": 1,
    "abilities": null,
    "properties": null,
    "rarity": 0,
    "categories": [
      "Helmets"
    ]
  },
  "a149": {
    "id": "a149",
    "name": "bone cuirass",
    "cost": {
      "gold": 13
    },
    "protection": {
      "eye": 0,
      "head": 0,
      "body": 11,
      "arm": 11,
      "leg": 11,
      "wing": 11
    },
    "shieldProtection": 0,
    "defence": -1,
    "parry": 0,
    "encumbrance": 1,
    "slotType": "body",
    "requiredSlots": 1,
    "abilities": null,
    "properties": null,
    "rarity": 0,
    "categories": [
      "Light armors"
    ]
  },
  "a150": {
    "id": "a150",
    "name": "bone helmet",
    "cost": {
      "gold": 6
    },
    "protection": {
      "eye": 14,
      "head": 14,
      "body": 0,
      "arm": 0,
      "leg": 0,
      "wing": 0
    },
    "shieldProtection": 0,
    "defence": 0,
    "parry": 0,
    "encumbrance": 0,
    "slotType": "head",
    "requiredSlots": 1,
    "abilities": null,
    "properties": null,
    "rarity": 0,
    "categories": [
      "Helmets"
    ]
  },
  "a151": {
    "id": "a151",
    "name": "sharkskin armor",
    "cost": {
      "gold": 5
    },
    "protection": {
      "eye": 0,
      "head": 0,
      "body": 8,
      "arm": 8,
      "leg": 8,
      "wing": 8
    },
    "shieldProtection": 0,
    "defence": -1,
    "parry": 0,
    "encumbrance": 1,
    "slotType": "body",
    "requiredSlots": 1,
    "abilities": null,
    "properties": null,
    "rarity": 0,
    "categories": [
      "Light armors"
    ]
  },
  "a152": {
    "id": "a152",
    "name": "sharkskin cap",
    "cost": {
      "gold": 4.5
    },
    "protection": {
      "eye": 10,
      "head": 10,
      "body": 0,
      "arm": 0,
      "leg": 0,
      "wing": 0
    },
    "shieldProtection": 0,
    "defence": 0,
    "parry": 0,
    "encumbrance": 0,
    "slotType": "head",
    "requiredSlots": 1,
    "abilities": null,
    "properties": null,
    "rarity": 0,
    "categories": [
      "Helmets"
    ]
  },
  "a153": {
    "id": "a153",
    "name": "basalt armor",
    "cost": {
      "gold": 25
    },
    "protection": {
      "eye": 0,
      "head": 0,
      "body": 19,
      "arm": 19,
      "leg": 19,
      "wing": 19
    },
    "shieldProtection": 0,
    "defence": -4,
    "parry": 0,
    "encumbrance": 6,
    "slotType": "body",
    "requiredSlots": 1,
    "abilities": null,
    "properties": null,
    "rarity": 1,
    "categories": [
      "Heavy armors"
    ]
  },
  "a154": {
    "id": "a154",
    "name": "ancestor cuirass",
    "cost": {
      "gold": 16
    },
    "protection": {
      "eye": 0,
      "head": 0,
      "body": 14,
      "arm": 14,
      "leg": 14,
      "wing": 14
    },
    "shieldProtection": 0,
    "defence": -1,
    "parry": 0,
    "encumbrance": 2,
    "slotType": "body",
    "requiredSlots": 1,
    "abilities": null,
    "properties": null,
    "rarity": 0,
    "categories": [
      "Medium armors"
    ]
  },
  "a155": {
    "id": "a155",
    "name": "golden shield",
    "cost": {
      "gold": 15
    },
    "protection": {
      "eye": 0,
      "head": 0,
      "body": 0,
      "arm": 0,
      "leg": 0,
      "wing": 0
    },
    "shieldProtection": 23,
    "defence": -1,
    "parry": 5,
    "encumbrance": 1,
    "slotType": "hands",
    "requiredSlots": 1,
    "abilities": null,
    "properties": null,
    "rarity": 1,
    "categories": [
      "Shields"
    ]
  },
  "a156": {
    "id": "a156",
    "name": "spectral shield",
    "cost": {
      "gold": 1
    },
    "protection": {
      "eye": 0,
      "head": 0,
      "body": 0,
      "arm": 0,
      "leg": 0,
      "wing": 0
    },
    "shieldProtection": 15,
    "defence": 0,
    "parry": 3,
    "encumbrance": 0,
    "slotType": "hands",
    "requiredSlots": 1,
    "abilities": null,
    "properties": [
      "Ethereal"
    ],
    "rarity": 1,
    "categories": [
      "Shields"
    ]
  },
  "a158": {
    "id": "a158",
    "name": "robes",
    "cost": {
      "gold": 2
    },
    "protection": {
      "eye": 0,
      "head": 0,
      "body": 3,
      "arm": 3,
      "leg": 3,
      "wing": 3
    },
    "shieldProtection": 0,
    "defence": 0,
    "parry": 0,
    "encumbrance": 0,
    "slotType": "body",
    "requiredSlots": 1,
    "abilities": null,
    "properties": null,
    "rarity": 0,
    "categories": [
      "Light armors"
    ]
  },
  "a159": {
    "id": "a159",
    "name": "imperial robes",
    "cost": {
      "gold": 4
    },
    "protection": {
      "eye": 0,
      "head": 0,
      "body": 4,
      "arm": 4,
      "leg": 4,
      "wing": 4
    },
    "shieldProtection": 0,
    "defence": 0,
    "parry": 0,
    "encumbrance": 0,
    "slotType": "body",
    "requiredSlots": 1,
    "abilities": null,
    "properties": null,
    "rarity": 0,
    "categories": [
      "Light armors"
    ]
  },
  "a161": {
    "id": "a161",
    "name": "jeweled breastplate",
    "cost": {
      "gold": 10
    },
    "protection": {
      "eye": 0,
      "head": 0,
      "body": 7,
      "arm": 7,
      "leg": 7,
      "wing": 7
    },
    "shieldProtection": 0,
    "defence": 0,
    "parry": 0,
    "encumbrance": 0,
    "slotType": "body",
    "requiredSlots": 1,
    "abilities": null,
    "properties": null,
    "rarity": 0,
    "categories": [
      "Light armors"
    ]
  },
  "a162": {
    "id": "a162",
    "name": "crested helmet",
    "cost": {
      "gold": 6
    },
    "protection": {
      "eye": 14,
      "head": 14,
      "body": 0,
      "arm": 0,
      "leg": 0,
      "wing": 0
    },
    "shieldProtection": 0,
    "defence": 0,
    "parry": 0,
    "encumbrance": 0,
    "slotType": "head",
    "requiredSlots": 1,
    "abilities": null,
    "properties": null,
    "rarity": 0,
    "categories": [
      "Helmets"
    ]
  },
  "a163": {
    "id": "a163",
    "name": "anakite armor",
    "cost": {
      "gold": 24
    },
    "protection": {
      "eye": 0,
      "head": 0,
      "body": 17,
      "arm": 17,
      "leg": 17,
      "wing": 17
    },
    "shieldProtection": 0,
    "defence": -1,
    "parry": 0,
    "encumbrance": 2,
    "slotType": "body",
    "requiredSlots": 1,
    "abilities": null,
    "properties": null,
    "rarity": 1,
    "categories": [
      "Medium armors"
    ]
  },
  "a164": {
    "id": "a164",
    "name": "anakite shield",
    "cost": {
      "gold": 10
    },
    "protection": {
      "eye": 0,
      "head": 0,
      "body": 0,
      "arm": 0,
      "leg": 0,
      "wing": 0
    },
    "shieldProtection": 20,
    "defence": -1,
    "parry": 5,
    "encumbrance": 1,
    "slotType": "hands",
    "requiredSlots": 1,
    "abilities": null,
    "properties": null,
    "rarity": 1,
    "categories": [
      "Shields"
    ]
  },
  "a165": {
    "id": "a165",
    "name": "dawn armor",
    "cost": {
      "gold": 27
    },
    "protection": {
      "eye": 0,
      "head": 0,
      "body": 18,
      "arm": 18,
      "leg": 18,
      "wing": 18
    },
    "shieldProtection": 0,
    "defence": -1,
    "parry": 0,
    "encumbrance": 2,
    "slotType": "body",
    "requiredSlots": 1,
    "abilities": null,
    "properties": null,
    "rarity": 1,
    "categories": [
      "Medium armors"
    ]
  },
  "a166": {
    "id": "a166",
    "name": "dawn shield",
    "cost": {
      "gold": 9
    },
    "protection": {
      "eye": 0,
      "head": 0,
      "body": 0,
      "arm": 0,
      "leg": 0,
      "wing": 0
    },
    "shieldProtection": 19,
    "defence": -1,
    "parry": 5,
    "encumbrance": 1,
    "slotType": "hands",
    "requiredSlots": 1,
    "abilities": null,
    "properties": null,
    "rarity": 1,
    "categories": [
      "Shields"
    ]
  },
  "a171": {
    "id": "a171",
    "name": "full scale archer armor",
    "cost": {
      "gold": 15
    },
    "protection": {
      "eye": 0,
      "head": 0,
      "body": 17,
      "arm": 17,
      "leg": 17,
      "wing": 17
    },
    "shieldProtection": 0,
    "defence": -4,
    "parry": 0,
    "encumbrance": 4,
    "slotType": "body",
    "requiredSlots": 1,
    "abilities": null,
    "properties": null,
    "rarity": 0,
    "categories": [
      "Heavy armors"
    ]
  },
  "a183": {
    "id": "a183",
    "name": "linen cuirass",
    "cost": {
      "gold": 9
    },
    "protection": {
      "eye": 0,
      "head": 0,
      "body": 8,
      "arm": 8,
      "leg": 8,
      "wing": 8
    },
    "shieldProtection": 0,
    "defence": 0,
    "parry": 0,
    "encumbrance": 0,
    "slotType": "body",
    "requiredSlots": 1,
    "abilities": null,
    "properties": null,
    "rarity": 0,
    "categories": [
      "Light armors"
    ]
  },
  "a184": {
    "id": "a184",
    "name": "kithaironic lion pelt",
    "cost": null,
    "protection": {
      "eye": 15,
      "head": 15,
      "body": 15,
      "arm": 0,
      "leg": 0,
      "wing": 0
    },
    "shieldProtection": 0,
    "defence": -1,
    "parry": 0,
    "encumbrance": 1,
    "slotType": "body",
    "requiredSlots": 1,
    "abilities": null,
    "properties": null,
    "rarity": 1,
    "categories": [
      "Light armors"
    ]
  },
  "a188": {
    "id": "a188",
    "name": "sharkskin cuirass",
    "cost": {
      "gold": 6
    },
    "protection": {
      "eye": 0,
      "head": 0,
      "body": 7,
      "arm": 7,
      "leg": 7,
      "wing": 7
    },
    "shieldProtection": 0,
    "defence": 0,
    "parry": 0,
    "encumbrance": 1,
    "slotType": "body",
    "requiredSlots": 1,
    "abilities": null,
    "properties": null,
    "rarity": 0,
    "categories": [
      "Light armors"
    ]
  },
  "a189": {
    "id": "a189",
    "name": "pearl shield",
    "cost": {
      "gold": 6
    },
    "protection": {
      "eye": 0,
      "head": 0,
      "body": 0,
      "arm": 0,
      "leg": 0,
      "wing": 0
    },
    "shieldProtection": 16,
    "defence": -1,
    "parry": 5,
    "encumbrance": 1,
    "slotType": "hands",
    "requiredSlots": 1,
    "abilities": null,
    "properties": null,
    "rarity": 1,
    "categories": [
      "Shields"
    ]
  },
  "a192": {
    "id": "a192",
    "name": "full chain of ulm",
    "cost": {
      "gold": 20
    },
    "protection": {
      "eye": 0,
      "head": 0,
      "body": 19,
      "arm": 19,
      "leg": 19,
      "wing": 19
    },
    "shieldProtection": 0,
    "defence": -3,
    "parry": 0,
    "encumbrance": 3,
    "slotType": "body",
    "requiredSlots": 1,
    "abilities": null,
    "properties": null,
    "rarity": 1,
    "categories": [
      "Medium armors"
    ]
  },
  "a196": {
    "id": "a196",
    "name": "golden scale mail",
    "cost": {
      "gold": 25
    },
    "protection": {
      "eye": 0,
      "head": 0,
      "body": 17,
      "arm": 17,
      "leg": 17,
      "wing": 17
    },
    "shieldProtection": 0,
    "defence": -2,
    "parry": 0,
    "encumbrance": 2,
    "slotType": "body",
    "requiredSlots": 1,
    "abilities": null,
    "properties": null,
    "rarity": 1,
    "categories": [
      "Medium armors"
    ]
  },
  "a198": {
    "id": "a198",
    "name": "raptorian plate cuirass",
    "cost": {
      "gold": 16
    },
    "protection": {
      "eye": 0,
      "head": 0,
      "body": 13,
      "arm": 13,
      "leg": 13,
      "wing": 13
    },
    "shieldProtection": 0,
    "defence": -1,
    "parry": 0,
    "encumbrance": 1,
    "slotType": "body",
    "requiredSlots": 1,
    "abilities": null,
    "properties": null,
    "rarity": 1,
    "categories": [
      "Light armors"
    ]
  },
  "a199": {
    "id": "a199",
    "name": "turan plated mail",
    "cost": {
      "gold": 24
    },
    "protection": {
      "eye": 0,
      "head": 0,
      "body": 20,
      "arm": 20,
      "leg": 20,
      "wing": 20
    },
    "shieldProtection": 0,
    "defence": -3,
    "parry": 0,
    "encumbrance": 4,
    "slotType": "body",
    "requiredSlots": 1,
    "abilities": null,
    "properties": null,
    "rarity": 1,
    "categories": [
      "Heavy armors"
    ]
  },
  "a202": {
    "id": "a202",
    "name": "cloth armor",
    "cost": {
      "gold": 5.5
    },
    "protection": {
      "eye": 0,
      "head": 0,
      "body": 6,
      "arm": 6,
      "leg": 6,
      "wing": 6
    },
    "shieldProtection": 0,
    "defence": 0,
    "parry": 0,
    "encumbrance": 0,
    "slotType": "body",
    "requiredSlots": 1,
    "abilities": null,
    "properties": null,
    "rarity": 0,
    "categories": [
      "Light armors"
    ]
  },
  "a203": {
    "id": "a203",
    "name": "reinforced cloth armor",
    "cost": {
      "gold": 7
    },
    "protection": {
      "eye": 0,
      "head": 0,
      "body": 8,
      "arm": 8,
      "leg": 8,
      "wing": 8
    },
    "shieldProtection": 0,
    "defence": 0,
    "parry": 0,
    "encumbrance": 1,
    "slotType": "body",
    "requiredSlots": 1,
    "abilities": null,
    "properties": null,
    "rarity": 0,
    "categories": [
      "Light armors"
    ]
  },
  "a204": {
    "id": "a204",
    "name": "armor of the sun",
    "cost": {
      "gold": 20
    },
    "protection": {
      "eye": 0,
      "head": 0,
      "body": 16,
      "arm": 16,
      "leg": 16,
      "wing": 16
    },
    "shieldProtection": 0,
    "defence": -2,
    "parry": 0,
    "encumbrance": 3,
    "slotType": "body",
    "requiredSlots": 1,
    "abilities": null,
    "properties": null,
    "rarity": 0,
    "categories": [
      "Medium armors"
    ]
  },
  "a205": {
    "id": "a205",
    "name": "sun cuirass",
    "cost": {
      "gold": 14.5
    },
    "protection": {
      "eye": 0,
      "head": 0,
      "body": 13,
      "arm": 13,
      "leg": 13,
      "wing": 13
    },
    "shieldProtection": 0,
    "defence": -1,
    "parry": 0,
    "encumbrance": 2,
    "slotType": "body",
    "requiredSlots": 1,
    "abilities": null,
    "properties": null,
    "rarity": 0,
    "categories": [
      "Medium armors"
    ]
  },
  "a206": {
    "id": "a206",
    "name": "obsidian cuirass",
    "cost": {
      "gold": 18
    },
    "protection": {
      "eye": 0,
      "head": 0,
      "body": 15,
      "arm": 15,
      "leg": 15,
      "wing": 15
    },
    "shieldProtection": 0,
    "defence": -1,
    "parry": 0,
    "encumbrance": 2,
    "slotType": "body",
    "requiredSlots": 1,
    "abilities": null,
    "properties": null,
    "rarity": 1,
    "categories": [
      "Medium armors"
    ]
  },
  "a207": {
    "id": "a207",
    "name": "wicker shield",
    "cost": {
      "gold": 3
    },
    "protection": {
      "eye": 0,
      "head": 0,
      "body": 0,
      "arm": 0,
      "leg": 0,
      "wing": 0
    },
    "shieldProtection": 13,
    "defence": -1,
    "parry": 4,
    "encumbrance": 1,
    "slotType": "hands",
    "requiredSlots": 1,
    "abilities": null,
    "properties": null,
    "rarity": 0,
    "categories": [
      "Shields"
    ]
  },
  "a208": {
    "id": "a208",
    "name": "iron shield",
    "cost": {
      "gold": 7
    },
    "protection": {
      "eye": 0,
      "head": 0,
      "body": 0,
      "arm": 0,
      "leg": 0,
      "wing": 0
    },
    "shieldProtection": 19,
    "defence": -1,
    "parry": 4,
    "encumbrance": 1,
    "slotType": "hands",
    "requiredSlots": 1,
    "abilities": null,
    "properties": null,
    "rarity": 0,
    "categories": [
      "Shields"
    ]
  },
  "a209": {
    "id": "a209",
    "name": "hoplon",
    "cost": {
      "gold": 7
    },
    "protection": {
      "eye": 0,
      "head": 0,
      "body": 0,
      "arm": 0,
      "leg": 0,
      "wing": 0
    },
    "shieldProtection": 19,
    "defence": -1,
    "parry": 4,
    "encumbrance": 1,
    "slotType": "hands",
    "requiredSlots": 1,
    "abilities": null,
    "properties": null,
    "rarity": 0,
    "categories": [
      "Shields"
    ]
  },
  "a210": {
    "id": "a210",
    "name": "meteorite cuirass",
    "cost": {
      "gold": 18
    },
    "protection": {
      "eye": 0,
      "head": 0,
      "body": 14,
      "arm": 14,
      "leg": 14,
      "wing": 14
    },
    "shieldProtection": 0,
    "defence": -1,
    "parry": 0,
    "encumbrance": 2,
    "slotType": "body",
    "requiredSlots": 1,
    "abilities": {
      "magicResistanceBonus": 1
    },
    "properties": null,
    "rarity": 1,
    "categories": [
      "Medium armors"
    ]
  },
  "a211": {
    "id": "a211",
    "name": "meteorite cap",
    "cost": {
      "gold": 6.5
    },
    "protection": {
      "eye": 16,
      "head": 16,
      "body": 0,
      "arm": 0,
      "leg": 0,
      "wing": 0
    },
    "shieldProtection": 0,
    "defence": 0,
    "parry": 0,
    "encumbrance": 0,
    "slotType": "head",
    "requiredSlots": 1,
    "abilities": null,
    "properties": null,
    "rarity": 1,
    "categories": [
      "Helmets"
    ]
  },
  "a315": {
    "id": "a315",
    "name": "leather barding",
    "cost": {
      "gold": 14
    },
    "protection": {
      "eye": 9,
      "head": 9,
      "body": 9,
      "leg": 9,
      "wing": 9
    },
    "shieldProtection": 0,
    "defence": -1,
    "parry": 0,
    "encumbrance": 1,
    "slotType": "body",
    "requiredSlots": 1,
    "abilities": null,
    "properties": null,
    "rarity": 0,
    "categories": [
      "Animal"
    ]
  },
  "a316": {
    "id": "a316",
    "name": "ring mail barding",
    "cost": {
      "gold": 17
    },
    "protection": {
      "eye": 12,
      "head": 12,
      "body": 12,
      "leg": 12,
      "wing": 12
    },
    "shieldProtection": 0,
    "defence": -2,
    "parry": 0,
    "encumbrance": 2,
    "slotType": "body",
    "requiredSlots": 1,
    "abilities": null,
    "properties": null,
    "rarity": 0,
    "categories": [
      "Animal"
    ]
  },
  "a317": {
    "id": "a317",
    "name": "scale mail barding",
    "cost": {
      "gold": 18
    },
    "protection": {
      "eye": 15,
      "head": 15,
      "body": 15,
      "leg": 15,
      "wing": 15
    },
    "shieldProtection": 0,
    "defence": -2,
    "parry": 0,
    "encumbrance": 3,
    "slotType": "body",
    "requiredSlots": 1,
    "abilities": null,
    "properties": null,
    "rarity": 0,
    "categories": [
      "Animal"
    ]
  },
  "a318": {
    "id": "a318",
    "name": "chain mail barding",
    "cost": {
      "gold": 25.5
    },
    "protection": {
      "eye": 18,
      "head": 18,
      "body": 18,
      "leg": 18,
      "wing": 18
    },
    "shieldProtection": 0,
    "defence": -3,
    "parry": 0,
    "encumbrance": 3,
    "slotType": "body",
    "requiredSlots": 1,
    "abilities": null,
    "properties": null,
    "rarity": 0,
    "categories": [
      "Animal"
    ]
  },
  "a319": {
    "id": "a319",
    "name": "plate mail barding",
    "cost": {
      "gold": 35
    },
    "protection": {
      "eye": 21,
      "head": 21,
      "body": 21,
      "leg": 21,
      "wing": 21
    },
    "shieldProtection": 0,
    "defence": -3,
    "parry": 0,
    "encumbrance": 5,
    "slotType": "body",
    "requiredSlots": 1,
    "abilities": null,
    "properties": null,
    "rarity": 0,
    "categories": [
      "Animal"
    ]
  },
  "a323": {
    "id": "a323",
    "name": "coral barding",
    "cost": {
      "gold": 24,
      "emeralds": 1
    },
    "protection": {
      "eye": 12,
      "head": 12,
      "body": 12,
      "leg": 12,
      "wing": 12
    },
    "shieldProtection": 0,
    "defence": -2,
    "parry": 0,
    "encumbrance": 3,
    "slotType": "body",
    "requiredSlots": 1,
    "abilities": {
      "poisonBarbs": 10
    },
    "properties": null,
    "rarity": 0,
    "categories": [
      "Animal"
    ]
  },
  "a417": {
    "id": "a417",
    "name": "lorica dogmata",
    "cost": {
      "gold": 18
    },
    "protection": {
      "eye": 12,
      "head": 12,
      "body": 12,
      "leg": 12,
      "wing": 12
    },
    "shieldProtection": 0,
    "defence": -1,
    "parry": 0,
    "encumbrance": 2,
    "slotType": "body",
    "requiredSlots": 1,
    "abilities": null,
    "properties": null,
    "rarity": 0,
    "categories": [
      "Animal"
    ]
  },
  "a461": {
    "id": "a461",
    "name": "jeweled barding",
    "cost": {
      "gold": 14
    },
    "protection": {
      "eye": 7,
      "head": 7,
      "body": 7,
      "leg": 7,
      "wing": 14
    },
    "shieldProtection": 0,
    "defence": 0,
    "parry": 0,
    "encumbrance": 0,
    "slotType": "body",
    "requiredSlots": 1,
    "abilities": null,
    "properties": null,
    "rarity": 0,
    "categories": [
      "Animal"
    ]
  }
}