{
  "c1": {
    "id": "c1",
    "name": "imbued bandages",
    "cost": {
      "gold": 5
    },
    "effects": {
      "duration": 8,
      "healingBonus": 10
    },
    "properties": [
      "singleUse"
    ],
    "rarity": 0,
    "Description": "these magically imbued bandages improve your natural Healing rate by 7.5% hp/h."
  },
  "c2": {
    "id": "c2",
    "name": "elixir",
    "cost": {
      "gold": 5
    },
    "effects": {
      "healing": 5
    },
    "properties": [
      "singleUse"
    ],
    "rarity": 0,
    "Description": "this small elixir will instantly close most wounds."
  },
  "c3": {
    "id": "c3",
    "name": "recuperation balm",
    "cost": {
      "gold": 15
    },
    "effects": {
      "duration": 8,
      "healingBonus": 10
    },
    "properties": [
      "singleUse",
      "recuperation"
    ],
    "rarity": 0,
    "Description": "this balm can regenerate even the ugliest old scars over time. +7.5% hp/h and unlocks the recuperation trait while it lasts."
  }
}