[
  {
    "name": "Battle Fright",
    "partAffected": "body",
    "isHealable": true,
    "effects": {
      "moraleBonus": -5
    },
    "properties": null
  },
  {
    "name": "Chest Wound",
    "partAffected": "body",
    "isHealable": true,
    "effects": {
      "encumbrance": 5,
      "strengthBonus": -1
    },
    "properties": null
  },
  {
    "name": "Diseased",
    "partAffected": "body",
    "isHealable": true,
    "effects": {
      "noHealNaturally": 0
    },
    "properties": [
      "priority"
    ]
  },
  {
    "name": "Never Healing Wound",
    "partAffected": "body",
    "isHealable": false,
    "effects": {
      "maxHPPercentage": -20
    },
    "properties": null
  },
  {
    "name": "Damaged arm",
    "partAffected": "arm",
    "isHealable": true,
    "effects": {
      "handsBonus": -1
    },
    "properties": null
  },
  {
    "name": "Lost arm",
    "partAffected": "arm",
    "isHealable": false,
    "effects": {
      "handsBonus": -1
    },
    "properties": null
  },
  {
    "name": "Weakened",
    "partAffected": "arm",
    "isHealable": true,
    "effects": {
      "strengthBonus": -4
    },
    "properties": null
  },
  {
    "name": "limp",
    "partAffected": "leg",
    "isHealable": true,
    "effects": {
      "attackBonus": -1,
      "defenceBonus": -1
    },
    "properties": null
  },
  {
    "name": "Crippled",
    "partAffected": "leg",
    "isHealable": false,
    "effects": {
      "attackBonus": -4,
      "defenceBonus": -4
    },
    "properties": null
  },
  {
    "name": "Damaged eye",
    "partAffected": "eye",
    "isHealable": true,
    "effects": {
      "attackBonus": -2,
      "defenceBonus": -2
    },
    "properties": null
  },
  {
    "name": "Lost eye",
    "partAffected": "eye",
    "isHealable": false,
    "effects": {
      "attackBonus": -2,
      "defenceBonus": -2,
      "precisionBonus": -3
    },
    "properties": null
  },
  {
    "name": "Blind",
    "partAffected": "eye",
    "isHealable": false,
    "effects": {
      "attackBonus": -9,
      "defenceBonus": -9,
      "precisionBonus": -9
    },
    "properties": null
  }
]