[
  {
    "id": "a1",
    "name": "buckler",
    "cost": {
      "gold": 3.5
    },
    "protection": {
      "eye": 0,
      "head": 0,
      "body": 0,
      "arm": 0,
      "leg": 0,
      "wing": 0
    },
    "shieldProtection": 14,
    "defence": 0,
    "parry": 2,
    "encumbrance": 0,
    "slotType": "hands",
    "requiredSlots": 1,
    "abilities": null,
    "properties": null,
    "rarity": 0,
    "categories": [
      "Shields"
    ]
  },
  {
    "id": "a2",
    "name": "shield",
    "cost": {
      "gold": 5
    },
    "protection": {
      "eye": 0,
      "head": 0,
      "body": 0,
      "arm": 0,
      "leg": 0,
      "wing": 0
    },
    "shieldProtection": 16,
    "defence": -1,
    "parry": 4,
    "encumbrance": 1,
    "slotType": "hands",
    "requiredSlots": 1,
    "abilities": null,
    "properties": null,
    "rarity": 0,
    "categories": [
      "Shields"
    ]
  },
  {
    "id": "a3",
    "name": "kite shield",
    "cost": {
      "gold": 8
    },
    "protection": {
      "eye": 0,
      "head": 0,
      "body": 0,
      "arm": 0,
      "leg": 0,
      "wing": 0
    },
    "shieldProtection": 19,
    "defence": -2,
    "parry": 6,
    "encumbrance": 2,
    "slotType": "hands",
    "requiredSlots": 1,
    "abilities": null,
    "properties": null,
    "rarity": 0,
    "categories": [
      "Shields"
    ]
  },
  {
    "id": "a4",
    "name": "tower shield",
    "cost": {
      "gold": 8
    },
    "protection": {
      "eye": 0,
      "head": 0,
      "body": 0,
      "arm": 0,
      "leg": 0,
      "wing": 0
    },
    "shieldProtection": 16,
    "defence": -2,
    "parry": 7,
    "encumbrance": 2,
    "slotType": "hands",
    "requiredSlots": 1,
    "abilities": null,
    "properties": null,
    "rarity": 0,
    "categories": [
      "Shields"
    ]
  },
  {
    "id": "a5",
    "name": "leather cuirass",
    "cost": {
      "gold": 5.5
    },
    "protection": {
      "eye": 0,
      "head": 0,
      "body": 6,
      "arm": 6,
      "leg": 6,
      "wing": 6
    },
    "shieldProtection": 0,
    "defence": 0,
    "parry": 0,
    "encumbrance": 0,
    "slotType": "body",
    "requiredSlots": 1,
    "abilities": null,
    "properties": null,
    "rarity": 0,
    "categories": [
      "Light Armors"
    ]
  },
  {
    "id": "a6",
    "name": "ring mail cuirass",
    "cost": {
      "gold": 9
    },
    "protection": {
      "eye": 0,
      "head": 0,
      "body": 8,
      "arm": 8,
      "leg": 8,
      "wing": 8
    },
    "shieldProtection": 0,
    "defence": 0,
    "parry": 0,
    "encumbrance": 0,
    "slotType": "body",
    "requiredSlots": 1,
    "abilities": null,
    "properties": null,
    "rarity": 0,
    "categories": [
      "Light Armors"
    ]
  },
  {
    "id": "a7",
    "name": "scale mail cuirass",
    "cost": {
      "gold": 9
    },
    "protection": {
      "eye": 0,
      "head": 0,
      "body": 10,
      "arm": 10,
      "leg": 10,
      "wing": 10
    },
    "shieldProtection": 0,
    "defence": -1,
    "parry": 0,
    "encumbrance": 1,
    "slotType": "body",
    "requiredSlots": 1,
    "abilities": null,
    "properties": null,
    "rarity": 0,
    "categories": [
      "Light Armors"
    ]
  },
  {
    "id": "a8",
    "name": "chain mail cuirass",
    "cost": {
      "gold": 12
    },
    "protection": {
      "eye": 0,
      "head": 0,
      "body": 12,
      "arm": 12,
      "leg": 12,
      "wing": 12
    },
    "shieldProtection": 0,
    "defence": -1,
    "parry": 0,
    "encumbrance": 1,
    "slotType": "body",
    "requiredSlots": 1,
    "abilities": null,
    "properties": null,
    "rarity": 0,
    "categories": [
      "Light Armors"
    ]
  },
  {
    "id": "a9",
    "name": "plate cuirass",
    "cost": {
      "gold": 16
    },
    "protection": {
      "eye": 0,
      "head": 0,
      "body": 14,
      "arm": 14,
      "leg": 14,
      "wing": 14
    },
    "shieldProtection": 0,
    "defence": -1,
    "parry": 0,
    "encumbrance": 2,
    "slotType": "body",
    "requiredSlots": 1,
    "abilities": null,
    "properties": null,
    "rarity": 0,
    "categories": [
      "Medium Armors"
    ]
  },
  {
    "id": "a10",
    "name": "leather hauberk",
    "cost": {
      "gold": 9
    },
    "protection": {
      "eye": 0,
      "head": 0,
      "body": 8,
      "arm": 8,
      "leg": 8,
      "wing": 8
    },
    "shieldProtection": 0,
    "defence": 0,
    "parry": 0,
    "encumbrance": 0,
    "slotType": "body",
    "requiredSlots": 1,
    "abilities": null,
    "properties": null,
    "rarity": 0,
    "categories": [
      "Light Armors"
    ]
  },
  {
    "id": "a11",
    "name": "ring mail hauberk",
    "cost": {
      "gold": 12
    },
    "protection": {
      "eye": 0,
      "head": 0,
      "body": 10,
      "arm": 10,
      "leg": 10,
      "wing": 10
    },
    "shieldProtection": 0,
    "defence": -1,
    "parry": 0,
    "encumbrance": 1,
    "slotType": "body",
    "requiredSlots": 1,
    "abilities": null,
    "properties": null,
    "rarity": 0,
    "categories": [
      "Light Armors"
    ]
  },
  {
    "id": "a12",
    "name": "scale mail hauberk",
    "cost": {
      "gold": 14.5
    },
    "protection": {
      "eye": 0,
      "head": 0,
      "body": 13,
      "arm": 13,
      "leg": 13,
      "wing": 13
    },
    "shieldProtection": 0,
    "defence": -1,
    "parry": 0,
    "encumbrance": 2,
    "slotType": "body",
    "requiredSlots": 1,
    "abilities": null,
    "properties": null,
    "rarity": 0,
    "categories": [
      "Medium Armors"
    ]
  },
  {
    "id": "a13",
    "name": "chain mail hauberk",
    "cost": {
      "gold": 13
    },
    "protection": {
      "eye": 0,
      "head": 0,
      "body": 15,
      "arm": 15,
      "leg": 15,
      "wing": 15
    },
    "shieldProtection": 0,
    "defence": -2,
    "parry": 0,
    "encumbrance": 2,
    "slotType": "body",
    "requiredSlots": 1,
    "abilities": null,
    "properties": null,
    "rarity": 0,
    "categories": [
      "Medium Armors"
    ]
  },
  {
    "id": "a14",
    "name": "plate hauberk",
    "cost": {
      "gold": 18
    },
    "protection": {
      "eye": 0,
      "head": 0,
      "body": 18,
      "arm": 18,
      "leg": 18,
      "wing": 18
    },
    "shieldProtection": 0,
    "defence": -3,
    "parry": 0,
    "encumbrance": 4,
    "slotType": "body",
    "requiredSlots": 1,
    "abilities": null,
    "properties": null,
    "rarity": 0,
    "categories": [
      "Heavy Armors"
    ]
  },
  {
    "id": "a15",
    "name": "full leather Armor",
    "cost": {
      "gold": 10
    },
    "protection": {
      "eye": 0,
      "head": 0,
      "body": 9,
      "arm": 9,
      "leg": 9,
      "wing": 9
    },
    "shieldProtection": 0,
    "defence": -1,
    "parry": 0,
    "encumbrance": 1,
    "slotType": "body",
    "requiredSlots": 1,
    "abilities": null,
    "properties": null,
    "rarity": 0,
    "categories": [
      "Light Armors"
    ]
  },
  {
    "id": "a16",
    "name": "full ring mail",
    "cost": {
      "gold": 12
    },
    "protection": {
      "eye": 0,
      "head": 0,
      "body": 12,
      "arm": 12,
      "leg": 12,
      "wing": 12
    },
    "shieldProtection": 0,
    "defence": -2,
    "parry": 0,
    "encumbrance": 2,
    "slotType": "body",
    "requiredSlots": 1,
    "abilities": null,
    "properties": null,
    "rarity": 0,
    "categories": [
      "Medium Armors"
    ]
  },
  {
    "id": "a17",
    "name": "full scale mail",
    "cost": {
      "gold": 13
    },
    "protection": {
      "eye": 0,
      "head": 0,
      "body": 15,
      "arm": 15,
      "leg": 15,
      "wing": 15
    },
    "shieldProtection": 0,
    "defence": -2,
    "parry": 0,
    "encumbrance": 3,
    "slotType": "body",
    "requiredSlots": 1,
    "abilities": null,
    "properties": null,
    "rarity": 0,
    "categories": [
      "Medium Armors"
    ]
  },
  {
    "id": "a18",
    "name": "full chain mail",
    "cost": {
      "gold": 18
    },
    "protection": {
      "eye": 0,
      "head": 0,
      "body": 18,
      "arm": 18,
      "leg": 18,
      "wing": 18
    },
    "shieldProtection": 0,
    "defence": -3,
    "parry": 0,
    "encumbrance": 3,
    "slotType": "body",
    "requiredSlots": 1,
    "abilities": null,
    "properties": null,
    "rarity": 0,
    "categories": [
      "Medium Armors"
    ]
  },
  {
    "id": "a19",
    "name": "full plate mail",
    "cost": {
      "gold": 25
    },
    "protection": {
      "eye": 0,
      "head": 0,
      "body": 21,
      "arm": 21,
      "leg": 21,
      "wing": 21
    },
    "shieldProtection": 0,
    "defence": -3,
    "parry": 0,
    "encumbrance": 5,
    "slotType": "body",
    "requiredSlots": 1,
    "abilities": null,
    "properties": null,
    "rarity": 0,
    "categories": [
      "Heavy Armors"
    ]
  },
  {
    "id": "a20",
    "name": "iron cap",
    "cost": {
      "gold": 6.5
    },
    "protection": {
      "eye": 16,
      "head": 16,
      "body": 0,
      "arm": 0,
      "leg": 0,
      "wing": 0
    },
    "shieldProtection": 0,
    "defence": 0,
    "parry": 0,
    "encumbrance": 0,
    "slotType": "head",
    "requiredSlots": 1,
    "abilities": null,
    "properties": null,
    "rarity": 0,
    "categories": [
      "Helmets"
    ]
  },
  {
    "id": "a21",
    "name": "full helmet",
    "cost": {
      "gold": 5
    },
    "protection": {
      "eye": 21,
      "head": 21,
      "body": 0,
      "arm": 0,
      "leg": 0,
      "wing": 0
    },
    "shieldProtection": 0,
    "defence": -1,
    "parry": 0,
    "encumbrance": 0,
    "slotType": "head",
    "requiredSlots": 1,
    "abilities": null,
    "properties": null,
    "rarity": 0,
    "categories": [
      "Helmets"
    ]
  },
  {
    "id": "a22",
    "name": "coral cuirass",
    "cost": {
      "gold": 32,
      "emeralds": 1
    },
    "protection": {
      "eye": 0,
      "head": 0,
      "body": 10,
      "arm": 10,
      "leg": 10,
      "wing": 10
    },
    "shieldProtection": 0,
    "defence": -1,
    "parry": 0,
    "encumbrance": 2,
    "slotType": "body",
    "requiredSlots": 1,
    "abilities": {
      "poisonBarbs": 10
    },
    "properties": null,
    "rarity": 0,
    "categories": [
      "Medium Armors"
    ]
  },
  {
    "id": "a23",
    "name": "coral hauberk",
    "cost": {
      "gold": 20,
      "emeralds": 1
    },
    "protection": {
      "eye": 0,
      "head": 0,
      "body": 12,
      "arm": 12,
      "leg": 12,
      "wing": 12
    },
    "shieldProtection": 0,
    "defence": -2,
    "parry": 0,
    "encumbrance": 3,
    "slotType": "body",
    "requiredSlots": 1,
    "abilities": {
      "poisonBarbs": 10
    },
    "properties": null,
    "rarity": 0,
    "categories": [
      "Medium Armors"
    ]
  },
  {
    "id": "a24",
    "name": "coral cap",
    "cost": {
      "gold": 6
    },
    "protection": {
      "eye": 14,
      "head": 14,
      "body": 0,
      "arm": 0,
      "leg": 0,
      "wing": 0
    },
    "shieldProtection": 0,
    "defence": 0,
    "parry": 0,
    "encumbrance": 0,
    "slotType": "head",
    "requiredSlots": 1,
    "abilities": null,
    "properties": null,
    "rarity": 0,
    "categories": [
      "Helmets"
    ]
  },
  {
    "id": "a25",
    "name": "turtle shell shield",
    "cost": {
      "gold": 4
    },
    "protection": {
      "eye": 0,
      "head": 0,
      "body": 0,
      "arm": 0,
      "leg": 0,
      "wing": 0
    },
    "shieldProtection": 15,
    "defence": -1,
    "parry": 4,
    "encumbrance": 1,
    "slotType": "hands",
    "requiredSlots": 1,
    "abilities": null,
    "properties": null,
    "rarity": 0,
    "categories": [
      "Shields"
    ]
  },
  {
    "id": "a26",
    "name": "ice cuirass",
    "cost": {
      "gold": 18
    },
    "protection": {
      "eye": 0,
      "head": 0,
      "body": 14,
      "arm": 14,
      "leg": 14,
      "wing": 14
    },
    "shieldProtection": 0,
    "defence": -1,
    "parry": 0,
    "encumbrance": 1,
    "slotType": "body",
    "requiredSlots": 1,
    "abilities": {
      "iceProtection": 1
    },
    "properties": null,
    "rarity": 1,
    "categories": [
      "Light Armors"
    ]
  },
  {
    "id": "a27",
    "name": "ice hauberk",
    "cost": {
      "gold": 24
    },
    "protection": {
      "eye": 0,
      "head": 0,
      "body": 17,
      "arm": 17,
      "leg": 17,
      "wing": 17
    },
    "shieldProtection": 0,
    "defence": -2,
    "parry": 0,
    "encumbrance": 2,
    "slotType": "body",
    "requiredSlots": 1,
    "abilities": {
      "iceProtection": 1.3
    },
    "properties": null,
    "rarity": 1,
    "categories": [
      "Medium Armors"
    ]
  },
  {
    "id": "a28",
    "name": "ice aegis",
    "cost": {
      "gold": 15
    },
    "protection": {
      "eye": 0,
      "head": 0,
      "body": 0,
      "arm": 0,
      "leg": 0,
      "wing": 0
    },
    "shieldProtection": 18,
    "defence": -1,
    "parry": 6,
    "encumbrance": 1,
    "slotType": "hands",
    "requiredSlots": 1,
    "abilities": {
      "iceProtection": 0.8
    },
    "properties": null,
    "rarity": 1,
    "categories": [
      "Shields"
    ]
  },
  {
    "id": "a29",
    "name": "ice cap",
    "cost": {
      "gold": 7
    },
    "protection": {
      "eye": 15,
      "head": 15,
      "body": 0,
      "arm": 0,
      "leg": 0,
      "wing": 0
    },
    "shieldProtection": 0,
    "defence": 0,
    "parry": 0,
    "encumbrance": 0,
    "slotType": "head",
    "requiredSlots": 1,
    "abilities": {
      "iceProtection": 0.3
    },
    "properties": null,
    "rarity": 1,
    "categories": [
      "Helmets"
    ]
  },
  {
    "id": "a44",
    "name": "furs",
    "cost": {
      "gold": 4.5
    },
    "protection": {
      "eye": 0,
      "head": 0,
      "body": 7,
      "arm": 7,
      "leg": 7,
      "wing": 7
    },
    "shieldProtection": 0,
    "defence": -1,
    "parry": 0,
    "encumbrance": 1,
    "slotType": "body",
    "requiredSlots": 1,
    "abilities": null,
    "properties": null,
    "rarity": 0,
    "categories": [
      "Light Armors"
    ]
  },
  {
    "id": "a52",
    "name": "ice studded Armor",
    "cost": {
      "gold": 15
    },
    "protection": {
      "eye": 0,
      "head": 0,
      "body": 10,
      "arm": 10,
      "leg": 10,
      "wing": 10
    },
    "shieldProtection": 0,
    "defence": -1,
    "parry": 0,
    "encumbrance": 0,
    "slotType": "body",
    "requiredSlots": 1,
    "abilities": {
      "iceProtection": 0.7
    },
    "properties": null,
    "rarity": 1,
    "categories": [
      "Light Armors"
    ]
  },
  {
    "id": "a53",
    "name": "meteorite Armor",
    "cost": {
      "gold": 25
    },
    "protection": {
      "eye": 0,
      "head": 0,
      "body": 18,
      "arm": 18,
      "leg": 18,
      "wing": 18
    },
    "shieldProtection": 0,
    "defence": -2,
    "parry": 0,
    "encumbrance": 4,
    "slotType": "body",
    "requiredSlots": 1,
    "abilities": {
      "magicResistanceBonus": 3
    },
    "properties": null,
    "rarity": 1,
    "categories": [
      "Heavy Armors"
    ]
  },
  {
    "id": "a84",
    "name": "amber hauberk",
    "cost": {
      "gold": 20
    },
    "protection": {
      "eye": 0,
      "head": 0,
      "body": 16,
      "arm": 16,
      "leg": 16,
      "wing": 16
    },
    "shieldProtection": 0,
    "defence": -2,
    "parry": 0,
    "encumbrance": 3,
    "slotType": "body",
    "requiredSlots": 1,
    "abilities": null,
    "properties": null,
    "rarity": 0,
    "categories": [
      "Medium Armors"
    ]
  },
  {
    "id": "a85",
    "name": "amber shield",
    "cost": {
      "gold": 6
    },
    "protection": {
      "eye": 0,
      "head": 0,
      "body": 0,
      "arm": 0,
      "leg": 0,
      "wing": 0
    },
    "shieldProtection": 16,
    "defence": -1,
    "parry": 4,
    "encumbrance": 1,
    "slotType": "hands",
    "requiredSlots": 1,
    "abilities": null,
    "properties": null,
    "rarity": 0,
    "categories": [
      "Shields"
    ]
  },
  {
    "id": "a86",
    "name": "amber helmet",
    "cost": {
      "gold": 6.5
    },
    "protection": {
      "eye": 16,
      "head": 16,
      "body": 0,
      "arm": 0,
      "leg": 0,
      "wing": 0
    },
    "shieldProtection": 0,
    "defence": 0,
    "parry": 0,
    "encumbrance": 0,
    "slotType": "head",
    "requiredSlots": 1,
    "abilities": null,
    "properties": null,
    "rarity": 0,
    "categories": [
      "Helmets"
    ]
  },
  {
    "id": "a91",
    "name": "full plate of ulm",
    "cost": {
      "gold": 25
    },
    "protection": {
      "eye": 0,
      "head": 0,
      "body": 22,
      "arm": 22,
      "leg": 22,
      "wing": 22
    },
    "shieldProtection": 0,
    "defence": -3,
    "parry": 0,
    "encumbrance": 4,
    "slotType": "body",
    "requiredSlots": 1,
    "abilities": null,
    "properties": null,
    "rarity": 1,
    "categories": [
      "Heavy Armors"
    ]
  },
  {
    "id": "a99",
    "name": "lorica segmentata",
    "cost": {
      "gold": 14.5
    },
    "protection": {
      "eye": 0,
      "head": 0,
      "body": 13,
      "arm": 13,
      "leg": 13,
      "wing": 13
    },
    "shieldProtection": 0,
    "defence": -1,
    "parry": 0,
    "encumbrance": 2,
    "slotType": "body",
    "requiredSlots": 1,
    "abilities": null,
    "properties": null,
    "rarity": 0,
    "categories": [
      "Medium Armors"
    ]
  },
  {
    "id": "a100",
    "name": "bronze cuirass",
    "cost": {
      "gold": 14
    },
    "protection": {
      "eye": 0,
      "head": 0,
      "body": 13,
      "arm": 13,
      "leg": 13,
      "wing": 13
    },
    "shieldProtection": 0,
    "defence": -1,
    "parry": 0,
    "encumbrance": 3,
    "slotType": "body",
    "requiredSlots": 1,
    "abilities": null,
    "properties": null,
    "rarity": 0,
    "categories": [
      "Medium Armors"
    ]
  },
  {
    "id": "a101",
    "name": "bronze hauberk",
    "cost": {
      "gold": 18
    },
    "protection": {
      "eye": 0,
      "head": 0,
      "body": 17,
      "arm": 17,
      "leg": 17,
      "wing": 17
    },
    "shieldProtection": 0,
    "defence": -2,
    "parry": 0,
    "encumbrance": 5,
    "slotType": "body",
    "requiredSlots": 1,
    "abilities": null,
    "properties": null,
    "rarity": 0,
    "categories": [
      "Heavy Armors"
    ]
  },
  {
    "id": "a104",
    "name": "Mictlan Armor",
    "cost": {
      "gold": 12
    },
    "protection": {
      "eye": 0,
      "head": 0,
      "body": 11,
      "arm": 11,
      "leg": 11,
      "wing": 11
    },
    "shieldProtection": 0,
    "defence": -1,
    "parry": 0,
    "encumbrance": 2,
    "slotType": "body",
    "requiredSlots": 1,
    "abilities": null,
    "properties": null,
    "rarity": 0,
    "categories": [
      "Medium Armors"
    ]
  },
  {
    "id": "a105",
    "name": "hide shield",
    "cost": {
      "gold": 2
    },
    "protection": {
      "eye": 0,
      "head": 0,
      "body": 0,
      "arm": 0,
      "leg": 0,
      "wing": 0
    },
    "shieldProtection": 11,
    "defence": -1,
    "parry": 4,
    "encumbrance": 1,
    "slotType": "hands",
    "requiredSlots": 1,
    "abilities": null,
    "properties": null,
    "rarity": 0,
    "categories": [
      "Shields"
    ]
  },
  {
    "id": "a106",
    "name": "Mictlan copper scale Armor",
    "cost": {
      "gold": 13
    },
    "protection": {
      "eye": 0,
      "head": 0,
      "body": 13,
      "arm": 13,
      "leg": 13,
      "wing": 13
    },
    "shieldProtection": 0,
    "defence": -1,
    "parry": 0,
    "encumbrance": 3,
    "slotType": "body",
    "requiredSlots": 1,
    "abilities": null,
    "properties": null,
    "rarity": 0,
    "categories": [
      "Medium Armors"
    ]
  },
  {
    "id": "a111",
    "name": "spider Armor",
    "cost": {
      "gold": 22
    },
    "protection": {
      "eye": 0,
      "head": 0,
      "body": 19,
      "arm": 19,
      "leg": 19,
      "wing": 19
    },
    "shieldProtection": 0,
    "defence": -3,
    "parry": 0,
    "encumbrance": 4,
    "slotType": "body",
    "requiredSlots": 1,
    "abilities": null,
    "properties": null,
    "rarity": 1,
    "categories": [
      "Heavy Armors"
    ]
  },
  {
    "id": "a112",
    "name": "great hide shield",
    "cost": {
      "gold": 4
    },
    "protection": {
      "eye": 0,
      "head": 0,
      "body": 0,
      "arm": 0,
      "leg": 0,
      "wing": 0
    },
    "shieldProtection": 11,
    "defence": -1,
    "parry": 6,
    "encumbrance": 1,
    "slotType": "hands",
    "requiredSlots": 1,
    "abilities": null,
    "properties": null,
    "rarity": 0,
    "categories": [
      "Shields"
    ]
  },
  {
    "id": "a114",
    "name": "turtle shell hauberk",
    "cost": {
      "gold": 7
    },
    "protection": {
      "eye": 0,
      "head": 0,
      "body": 9,
      "arm": 9,
      "leg": 9,
      "wing": 9
    },
    "shieldProtection": 0,
    "defence": -2,
    "parry": 0,
    "encumbrance": 1,
    "slotType": "body",
    "requiredSlots": 1,
    "abilities": null,
    "properties": null,
    "rarity": 0,
    "categories": [
      "Light Armors"
    ]
  },
  {
    "id": "a115",
    "name": "icarian Wings",
    "cost": {
      "gold": 10
    },
    "protection": {
      "eye": 0,
      "head": 0,
      "body": 8,
      "arm": 8,
      "leg": 8,
      "wing": 8
    },
    "shieldProtection": 0,
    "defence": -3,
    "parry": 0,
    "encumbrance": 3,
    "slotType": "body",
    "requiredSlots": 1,
    "abilities": null,
    "properties": [
      "flying"
    ],
    "rarity": 1,
    "categories": [
      "Medium Armors"
    ]
  },
  {
    "id": "a116",
    "name": "lorica hamata",
    "cost": {
      "gold": 12
    },
    "protection": {
      "eye": 0,
      "head": 0,
      "body": 10,
      "arm": 10,
      "leg": 10,
      "wing": 10
    },
    "shieldProtection": 0,
    "defence": -1,
    "parry": 0,
    "encumbrance": 1,
    "slotType": "body",
    "requiredSlots": 1,
    "abilities": null,
    "properties": null,
    "rarity": 0,
    "categories": [
      "Light Armors"
    ]
  },
  {
    "id": "a117",
    "name": "lorica squamata",
    "cost": {
      "gold": 14
    },
    "protection": {
      "eye": 0,
      "head": 0,
      "body": 12,
      "arm": 12,
      "leg": 12,
      "wing": 12
    },
    "shieldProtection": 0,
    "defence": -1,
    "parry": 0,
    "encumbrance": 2,
    "slotType": "body",
    "requiredSlots": 1,
    "abilities": null,
    "properties": null,
    "rarity": 0,
    "categories": [
      "Medium Armors"
    ]
  },
  {
    "id": "a118",
    "name": "half helmet",
    "cost": {
      "gold": 7.5
    },
    "protection": {
      "eye": 18,
      "head": 18,
      "body": 0,
      "arm": 0,
      "leg": 0,
      "wing": 0
    },
    "shieldProtection": 0,
    "defence": 0,
    "parry": 0,
    "encumbrance": 0,
    "slotType": "head",
    "requiredSlots": 1,
    "abilities": null,
    "properties": null,
    "rarity": 0,
    "categories": [
      "Helmets"
    ]
  },
  {
    "id": "a119",
    "name": "reinforced leather cap",
    "cost": {
      "gold": 4
    },
    "protection": {
      "eye": 9,
      "head": 9,
      "body": 0,
      "arm": 0,
      "leg": 0,
      "wing": 0
    },
    "shieldProtection": 0,
    "defence": 0,
    "parry": 0,
    "encumbrance": 0,
    "slotType": "head",
    "requiredSlots": 1,
    "abilities": null,
    "properties": null,
    "rarity": 0,
    "categories": [
      "Helmets"
    ]
  },
  {
    "id": "a120",
    "name": "leather cap",
    "cost": {
      "gold": 3.5
    },
    "protection": {
      "eye": 7,
      "head": 7,
      "body": 0,
      "arm": 0,
      "leg": 0,
      "wing": 0
    },
    "shieldProtection": 0,
    "defence": 0,
    "parry": 0,
    "encumbrance": 0,
    "slotType": "head",
    "requiredSlots": 1,
    "abilities": null,
    "properties": null,
    "rarity": 0,
    "categories": [
      "Helmets"
    ]
  },
  {
    "id": "a121",
    "name": "leather hood",
    "cost": {
      "gold": 3
    },
    "protection": {
      "eye": 6,
      "head": 6,
      "body": 0,
      "arm": 0,
      "leg": 0
    },
    "shieldProtection": 0,
    "defence": 0,
    "parry": 0,
    "encumbrance": 0,
    "slotType": "head",
    "requiredSlots": 1,
    "abilities": null,
    "properties": null,
    "rarity": 0,
    "categories": [
      "Helmets"
    ]
  },
  {
    "id": "a123",
    "name": "hoplite helm",
    "cost": {
      "gold": 5
    },
    "protection": {
      "eye": 21,
      "head": 21,
      "body": 0,
      "arm": 0,
      "leg": 0,
      "wing": 0
    },
    "shieldProtection": 0,
    "defence": -1,
    "parry": 0,
    "encumbrance": 0,
    "slotType": "head",
    "requiredSlots": 1,
    "abilities": null,
    "properties": null,
    "rarity": 0,
    "categories": [
      "Helmets"
    ]
  },
  {
    "id": "a124",
    "name": "ice helmet",
    "cost": {
      "gold": 8
    },
    "protection": {
      "eye": 8,
      "head": 8,
      "body": 0,
      "arm": 0,
      "leg": 0,
      "wing": 0
    },
    "shieldProtection": 0,
    "defence": 0,
    "parry": 0,
    "encumbrance": 0,
    "slotType": "head",
    "requiredSlots": 1,
    "abilities": null,
    "properties": null,
    "rarity": 1,
    "categories": [
      "Helmets"
    ]
  },
  {
    "id": "a126",
    "name": "Legionary helmet",
    "cost": {
      "gold": 8
    },
    "protection": {
      "eye": 19,
      "head": 19,
      "body": 0,
      "arm": 0,
      "leg": 0,
      "wing": 0
    },
    "shieldProtection": 0,
    "defence": 0,
    "parry": 0,
    "encumbrance": 0,
    "slotType": "head",
    "requiredSlots": 1,
    "abilities": null,
    "properties": null,
    "rarity": 0,
    "categories": [
      "Helmets"
    ]
  },
  {
    "id": "a127",
    "name": "Legionary bronze helmet",
    "cost": {
      "gold": 7.5
    },
    "protection": {
      "eye": 18,
      "head": 18,
      "body": 0,
      "arm": 0,
      "leg": 0,
      "wing": 0
    },
    "shieldProtection": 0,
    "defence": 0,
    "parry": 0,
    "encumbrance": 0,
    "slotType": "head",
    "requiredSlots": 1,
    "abilities": null,
    "properties": null,
    "rarity": 0,
    "categories": [
      "Helmets"
    ]
  },
  {
    "id": "a128",
    "name": "ashigaru Armor",
    "cost": {
      "gold": 14
    },
    "protection": {
      "eye": 0,
      "head": 0,
      "body": 12,
      "arm": 12,
      "leg": 12,
      "wing": 12
    },
    "shieldProtection": 0,
    "defence": -1,
    "parry": 0,
    "encumbrance": 2,
    "slotType": "body",
    "requiredSlots": 1,
    "abilities": null,
    "properties": null,
    "rarity": 0,
    "categories": [
      "Medium Armors"
    ]
  },
  {
    "id": "a129",
    "name": "samurai Armor",
    "cost": {
      "gold": 14
    },
    "protection": {
      "eye": 0,
      "head": 0,
      "body": 15,
      "arm": 15,
      "leg": 15,
      "wing": 15
    },
    "shieldProtection": 0,
    "defence": -2,
    "parry": 0,
    "encumbrance": 3,
    "slotType": "body",
    "requiredSlots": 1,
    "abilities": null,
    "properties": null,
    "rarity": 0,
    "categories": [
      "Medium Armors"
    ]
  },
  {
    "id": "a130",
    "name": "heavy samurai Armor",
    "cost": {
      "gold": 18
    },
    "protection": {
      "eye": 0,
      "head": 0,
      "body": 18,
      "arm": 18,
      "leg": 18,
      "wing": 18
    },
    "shieldProtection": 0,
    "defence": -3,
    "parry": 0,
    "encumbrance": 4,
    "slotType": "body",
    "requiredSlots": 1,
    "abilities": null,
    "properties": null,
    "rarity": 0,
    "categories": [
      "Heavy Armors"
    ]
  },
  {
    "id": "a131",
    "name": "jingasa",
    "cost": {
      "gold": 6
    },
    "protection": {
      "eye": 13,
      "head": 13,
      "body": 0,
      "arm": 0,
      "leg": 0,
      "wing": 0
    },
    "shieldProtection": 0,
    "defence": 0,
    "parry": 0,
    "encumbrance": 0,
    "slotType": "head",
    "requiredSlots": 1,
    "abilities": null,
    "properties": null,
    "rarity": 0,
    "categories": [
      "Helmets"
    ]
  },
  {
    "id": "a132",
    "name": "kabuto",
    "cost": {
      "gold": 7
    },
    "protection": {
      "eye": 17,
      "head": 17,
      "body": 0,
      "arm": 0,
      "leg": 0,
      "wing": 0
    },
    "shieldProtection": 0,
    "defence": 0,
    "parry": 0,
    "encumbrance": 0,
    "slotType": "head",
    "requiredSlots": 1,
    "abilities": null,
    "properties": null,
    "rarity": 0,
    "categories": [
      "Helmets"
    ]
  },
  {
    "id": "a133",
    "name": "icicle mail",
    "cost": {
      "gold": 13
    },
    "protection": {
      "eye": 0,
      "head": 0,
      "body": 12,
      "arm": 12,
      "leg": 12,
      "wing": 12
    },
    "shieldProtection": 0,
    "defence": -1,
    "parry": 0,
    "encumbrance": 2,
    "slotType": "body",
    "requiredSlots": 1,
    "abilities": null,
    "properties": null,
    "rarity": 1,
    "categories": [
      "Medium Armors"
    ]
  },
  {
    "id": "a134",
    "name": "turtle cap",
    "cost": {
      "gold": 4.5
    },
    "protection": {
      "eye": 10,
      "head": 10,
      "body": 0,
      "arm": 0,
      "leg": 0,
      "wing": 0
    },
    "shieldProtection": 0,
    "defence": 0,
    "parry": 0,
    "encumbrance": 0,
    "slotType": "head",
    "requiredSlots": 1,
    "abilities": null,
    "properties": null,
    "rarity": 0,
    "categories": [
      "Helmets"
    ]
  },
  {
    "id": "a135",
    "name": "bronze cap",
    "cost": {
      "gold": 6.5
    },
    "protection": {
      "eye": 15,
      "head": 15,
      "body": 0,
      "arm": 0,
      "leg": 0,
      "wing": 0
    },
    "shieldProtection": 0,
    "defence": 0,
    "parry": 0,
    "encumbrance": 0,
    "slotType": "head",
    "requiredSlots": 1,
    "abilities": null,
    "properties": null,
    "rarity": 0,
    "categories": [
      "Helmets"
    ]
  },
  {
    "id": "a136",
    "name": "bronze scale hauberk",
    "cost": {
      "gold": 14
    },
    "protection": {
      "eye": 0,
      "head": 0,
      "body": 12,
      "arm": 12,
      "leg": 12,
      "wing": 12
    },
    "shieldProtection": 0,
    "defence": -1,
    "parry": 0,
    "encumbrance": 2,
    "slotType": "body",
    "requiredSlots": 1,
    "abilities": null,
    "properties": null,
    "rarity": 0,
    "categories": [
      "Medium Armors"
    ]
  },
  {
    "id": "a140",
    "name": "shell Armor",
    "cost": {
      "gold": 12
    },
    "protection": {
      "eye": 0,
      "head": 0,
      "body": 10,
      "arm": 10,
      "leg": 10,
      "wing": 10
    },
    "shieldProtection": 0,
    "defence": -1,
    "parry": 0,
    "encumbrance": 1,
    "slotType": "body",
    "requiredSlots": 1,
    "abilities": null,
    "properties": null,
    "rarity": 0,
    "categories": [
      "Light Armors"
    ]
  },
  {
    "id": "a141",
    "name": "Blind helmet",
    "cost": {
      "gold": 8
    },
    "protection": {
      "eye": 23,
      "head": 23,
      "body": 0,
      "arm": 0,
      "leg": 0,
      "wing": 0
    },
    "shieldProtection": 0,
    "defence": 0,
    "parry": 0,
    "encumbrance": 0,
    "slotType": "head",
    "requiredSlots": 1,
    "abilities": null,
    "properties": [
      "blind"
    ],
    "rarity": 1,
    "categories": [
      "Helmets"
    ]
  },
  {
    "id": "a142",
    "name": "bronze scale cuirass",
    "cost": {
      "gold": 10
    },
    "protection": {
      "eye": 0,
      "head": 0,
      "body": 9,
      "arm": 9,
      "leg": 9,
      "wing": 9
    },
    "shieldProtection": 0,
    "defence": -1,
    "parry": 0,
    "encumbrance": 1,
    "slotType": "body",
    "requiredSlots": 1,
    "abilities": null,
    "properties": null,
    "rarity": 0,
    "categories": [
      "Light Armors"
    ]
  },
  {
    "id": "a145",
    "name": "mask",
    "cost": {
      "gold": 3
    },
    "protection": {
      "eye": 7,
      "head": 7,
      "body": 0,
      "arm": 0,
      "leg": 0,
      "wing": 0
    },
    "shieldProtection": 0,
    "defence": -1,
    "parry": 0,
    "encumbrance": 0,
    "slotType": "head",
    "requiredSlots": 1,
    "abilities": null,
    "properties": null,
    "rarity": 0,
    "categories": [
      "Helmets"
    ]
  },
  {
    "id": "a146",
    "name": "ancestor Armor",
    "cost": {
      "gold": 15
    },
    "protection": {
      "eye": 0,
      "head": 0,
      "body": 17,
      "arm": 17,
      "leg": 17,
      "wing": 17
    },
    "shieldProtection": 0,
    "defence": -3,
    "parry": 0,
    "encumbrance": 3,
    "slotType": "body",
    "requiredSlots": 1,
    "abilities": null,
    "properties": null,
    "rarity": 0,
    "categories": [
      "Medium Armors"
    ]
  },
  {
    "id": "a148",
    "name": "crown",
    "cost": {
      "gold": 4.5
    },
    "protection": {
      "eye": 9,
      "head": 9,
      "body": 0,
      "arm": 0,
      "leg": 0,
      "wing": 0
    },
    "shieldProtection": 0,
    "defence": 0,
    "parry": 0,
    "encumbrance": 0,
    "slotType": "head",
    "requiredSlots": 1,
    "abilities": null,
    "properties": null,
    "rarity": 0,
    "categories": [
      "Helmets"
    ]
  },
  {
    "id": "a149",
    "name": "bone cuirass",
    "cost": {
      "gold": 13
    },
    "protection": {
      "eye": 0,
      "head": 0,
      "body": 11,
      "arm": 11,
      "leg": 11,
      "wing": 11
    },
    "shieldProtection": 0,
    "defence": -1,
    "parry": 0,
    "encumbrance": 1,
    "slotType": "body",
    "requiredSlots": 1,
    "abilities": null,
    "properties": null,
    "rarity": 0,
    "categories": [
      "Light Armors"
    ]
  },
  {
    "id": "a150",
    "name": "bone helmet",
    "cost": {
      "gold": 6
    },
    "protection": {
      "eye": 14,
      "head": 14,
      "body": 0,
      "arm": 0,
      "leg": 0,
      "wing": 0
    },
    "shieldProtection": 0,
    "defence": 0,
    "parry": 0,
    "encumbrance": 0,
    "slotType": "head",
    "requiredSlots": 1,
    "abilities": null,
    "properties": null,
    "rarity": 0,
    "categories": [
      "Helmets"
    ]
  },
  {
    "id": "a151",
    "name": "sharkskin Armor",
    "cost": {
      "gold": 5
    },
    "protection": {
      "eye": 0,
      "head": 0,
      "body": 8,
      "arm": 8,
      "leg": 8,
      "wing": 8
    },
    "shieldProtection": 0,
    "defence": -1,
    "parry": 0,
    "encumbrance": 1,
    "slotType": "body",
    "requiredSlots": 1,
    "abilities": null,
    "properties": null,
    "rarity": 0,
    "categories": [
      "Light Armors"
    ]
  },
  {
    "id": "a152",
    "name": "sharkskin cap",
    "cost": {
      "gold": 4.5
    },
    "protection": {
      "eye": 10,
      "head": 10,
      "body": 0,
      "arm": 0,
      "leg": 0,
      "wing": 0
    },
    "shieldProtection": 0,
    "defence": 0,
    "parry": 0,
    "encumbrance": 0,
    "slotType": "head",
    "requiredSlots": 1,
    "abilities": null,
    "properties": null,
    "rarity": 0,
    "categories": [
      "Helmets"
    ]
  },
  {
    "id": "a153",
    "name": "basalt Armor",
    "cost": {
      "gold": 25
    },
    "protection": {
      "eye": 0,
      "head": 0,
      "body": 19,
      "arm": 19,
      "leg": 19,
      "wing": 19
    },
    "shieldProtection": 0,
    "defence": -4,
    "parry": 0,
    "encumbrance": 6,
    "slotType": "body",
    "requiredSlots": 1,
    "abilities": null,
    "properties": null,
    "rarity": 1,
    "categories": [
      "Heavy Armors"
    ]
  },
  {
    "id": "a154",
    "name": "ancestor cuirass",
    "cost": {
      "gold": 16
    },
    "protection": {
      "eye": 0,
      "head": 0,
      "body": 14,
      "arm": 14,
      "leg": 14,
      "wing": 14
    },
    "shieldProtection": 0,
    "defence": -1,
    "parry": 0,
    "encumbrance": 2,
    "slotType": "body",
    "requiredSlots": 1,
    "abilities": null,
    "properties": null,
    "rarity": 0,
    "categories": [
      "Medium Armors"
    ]
  },
  {
    "id": "a155",
    "name": "Golden shield",
    "cost": {
      "gold": 15
    },
    "protection": {
      "eye": 0,
      "head": 0,
      "body": 0,
      "arm": 0,
      "leg": 0,
      "wing": 0
    },
    "shieldProtection": 23,
    "defence": -1,
    "parry": 5,
    "encumbrance": 1,
    "slotType": "hands",
    "requiredSlots": 1,
    "abilities": null,
    "properties": null,
    "rarity": 1,
    "categories": [
      "Shields"
    ]
  },
  {
    "id": "a156",
    "name": "spectral shield",
    "cost": {
      "gold": 1
    },
    "protection": {
      "eye": 0,
      "head": 0,
      "body": 0,
      "arm": 0,
      "leg": 0,
      "wing": 0
    },
    "shieldProtection": 15,
    "defence": 0,
    "parry": 3,
    "encumbrance": 0,
    "slotType": "hands",
    "requiredSlots": 1,
    "abilities": null,
    "properties": [
      "ethereal"
    ],
    "rarity": 1,
    "categories": [
      "Shields"
    ]
  },
  {
    "id": "a158",
    "name": "robes",
    "cost": {
      "gold": 2
    },
    "protection": {
      "eye": 0,
      "head": 0,
      "body": 3,
      "arm": 3,
      "leg": 3,
      "wing": 3
    },
    "shieldProtection": 0,
    "defence": 0,
    "parry": 0,
    "encumbrance": 0,
    "slotType": "body",
    "requiredSlots": 1,
    "abilities": null,
    "properties": null,
    "rarity": 0,
    "categories": [
      "Light Armors"
    ]
  },
  {
    "id": "a159",
    "name": "imperial robes",
    "cost": {
      "gold": 4
    },
    "protection": {
      "eye": 0,
      "head": 0,
      "body": 4,
      "arm": 4,
      "leg": 4,
      "wing": 4
    },
    "shieldProtection": 0,
    "defence": 0,
    "parry": 0,
    "encumbrance": 0,
    "slotType": "body",
    "requiredSlots": 1,
    "abilities": null,
    "properties": null,
    "rarity": 0,
    "categories": [
      "Light Armors"
    ]
  },
  {
    "id": "a161",
    "name": "jeweled breastplate",
    "cost": {
      "gold": 10
    },
    "protection": {
      "eye": 0,
      "head": 0,
      "body": 7,
      "arm": 7,
      "leg": 7,
      "wing": 7
    },
    "shieldProtection": 0,
    "defence": 0,
    "parry": 0,
    "encumbrance": 0,
    "slotType": "body",
    "requiredSlots": 1,
    "abilities": null,
    "properties": null,
    "rarity": 0,
    "categories": [
      "Light Armors"
    ]
  },
  {
    "id": "a162",
    "name": "crested helmet",
    "cost": {
      "gold": 6
    },
    "protection": {
      "eye": 14,
      "head": 14,
      "body": 0,
      "arm": 0,
      "leg": 0,
      "wing": 0
    },
    "shieldProtection": 0,
    "defence": 0,
    "parry": 0,
    "encumbrance": 0,
    "slotType": "head",
    "requiredSlots": 1,
    "abilities": null,
    "properties": null,
    "rarity": 0,
    "categories": [
      "Helmets"
    ]
  },
  {
    "id": "a163",
    "name": "anakite Armor",
    "cost": {
      "gold": 24
    },
    "protection": {
      "eye": 0,
      "head": 0,
      "body": 17,
      "arm": 17,
      "leg": 17,
      "wing": 17
    },
    "shieldProtection": 0,
    "defence": -1,
    "parry": 0,
    "encumbrance": 2,
    "slotType": "body",
    "requiredSlots": 1,
    "abilities": null,
    "properties": null,
    "rarity": 1,
    "categories": [
      "Medium Armors"
    ]
  },
  {
    "id": "a164",
    "name": "anakite shield",
    "cost": {
      "gold": 10
    },
    "protection": {
      "eye": 0,
      "head": 0,
      "body": 0,
      "arm": 0,
      "leg": 0,
      "wing": 0
    },
    "shieldProtection": 20,
    "defence": -1,
    "parry": 5,
    "encumbrance": 1,
    "slotType": "hands",
    "requiredSlots": 1,
    "abilities": null,
    "properties": null,
    "rarity": 1,
    "categories": [
      "Shields"
    ]
  },
  {
    "id": "a165",
    "name": "dawn Armor",
    "cost": {
      "gold": 27
    },
    "protection": {
      "eye": 0,
      "head": 0,
      "body": 18,
      "arm": 18,
      "leg": 18,
      "wing": 18
    },
    "shieldProtection": 0,
    "defence": -1,
    "parry": 0,
    "encumbrance": 2,
    "slotType": "body",
    "requiredSlots": 1,
    "abilities": null,
    "properties": null,
    "rarity": 1,
    "categories": [
      "Medium Armors"
    ]
  },
  {
    "id": "a166",
    "name": "dawn shield",
    "cost": {
      "gold": 9
    },
    "protection": {
      "eye": 0,
      "head": 0,
      "body": 0,
      "arm": 0,
      "leg": 0,
      "wing": 0
    },
    "shieldProtection": 19,
    "defence": -1,
    "parry": 5,
    "encumbrance": 1,
    "slotType": "hands",
    "requiredSlots": 1,
    "abilities": null,
    "properties": null,
    "rarity": 1,
    "categories": [
      "Shields"
    ]
  },
  {
    "id": "a171",
    "name": "full scale archer Armor",
    "cost": {
      "gold": 15
    },
    "protection": {
      "eye": 0,
      "head": 0,
      "body": 17,
      "arm": 17,
      "leg": 17,
      "wing": 17
    },
    "shieldProtection": 0,
    "defence": -4,
    "parry": 0,
    "encumbrance": 4,
    "slotType": "body",
    "requiredSlots": 1,
    "abilities": null,
    "properties": null,
    "rarity": 0,
    "categories": [
      "Heavy Armors"
    ]
  },
  {
    "id": "a183",
    "name": "linen cuirass",
    "cost": {
      "gold": 9
    },
    "protection": {
      "eye": 0,
      "head": 0,
      "body": 8,
      "arm": 8,
      "leg": 8,
      "wing": 8
    },
    "shieldProtection": 0,
    "defence": 0,
    "parry": 0,
    "encumbrance": 0,
    "slotType": "body",
    "requiredSlots": 1,
    "abilities": null,
    "properties": null,
    "rarity": 0,
    "categories": [
      "Light Armors"
    ]
  },
  {
    "id": "a184",
    "name": "kithaironic lion pelt",
    "cost": null,
    "protection": {
      "eye": 15,
      "head": 15,
      "body": 15,
      "arm": 0,
      "leg": 0,
      "wing": 0
    },
    "shieldProtection": 0,
    "defence": -1,
    "parry": 0,
    "encumbrance": 1,
    "slotType": "body",
    "requiredSlots": 1,
    "abilities": null,
    "properties": null,
    "rarity": 1,
    "categories": [
      "Light Armors"
    ]
  },
  {
    "id": "a188",
    "name": "sharkskin cuirass",
    "cost": {
      "gold": 6
    },
    "protection": {
      "eye": 0,
      "head": 0,
      "body": 7,
      "arm": 7,
      "leg": 7,
      "wing": 7
    },
    "shieldProtection": 0,
    "defence": 0,
    "parry": 0,
    "encumbrance": 1,
    "slotType": "body",
    "requiredSlots": 1,
    "abilities": null,
    "properties": null,
    "rarity": 0,
    "categories": [
      "Light Armors"
    ]
  },
  {
    "id": "a189",
    "name": "pearl shield",
    "cost": {
      "gold": 6
    },
    "protection": {
      "eye": 0,
      "head": 0,
      "body": 0,
      "arm": 0,
      "leg": 0,
      "wing": 0
    },
    "shieldProtection": 16,
    "defence": -1,
    "parry": 5,
    "encumbrance": 1,
    "slotType": "hands",
    "requiredSlots": 1,
    "abilities": null,
    "properties": null,
    "rarity": 1,
    "categories": [
      "Shields"
    ]
  },
  {
    "id": "a192",
    "name": "full chain of ulm",
    "cost": {
      "gold": 20
    },
    "protection": {
      "eye": 0,
      "head": 0,
      "body": 19,
      "arm": 19,
      "leg": 19,
      "wing": 19
    },
    "shieldProtection": 0,
    "defence": -3,
    "parry": 0,
    "encumbrance": 3,
    "slotType": "body",
    "requiredSlots": 1,
    "abilities": null,
    "properties": null,
    "rarity": 1,
    "categories": [
      "Medium Armors"
    ]
  },
  {
    "id": "a196",
    "name": "Golden scale mail",
    "cost": {
      "gold": 25
    },
    "protection": {
      "eye": 0,
      "head": 0,
      "body": 17,
      "arm": 17,
      "leg": 17,
      "wing": 17
    },
    "shieldProtection": 0,
    "defence": -2,
    "parry": 0,
    "encumbrance": 2,
    "slotType": "body",
    "requiredSlots": 1,
    "abilities": null,
    "properties": null,
    "rarity": 1,
    "categories": [
      "Medium Armors"
    ]
  },
  {
    "id": "a198",
    "name": "raptorian plate cuirass",
    "cost": {
      "gold": 16
    },
    "protection": {
      "eye": 0,
      "head": 0,
      "body": 13,
      "arm": 13,
      "leg": 13,
      "wing": 13
    },
    "shieldProtection": 0,
    "defence": -1,
    "parry": 0,
    "encumbrance": 1,
    "slotType": "body",
    "requiredSlots": 1,
    "abilities": null,
    "properties": null,
    "rarity": 1,
    "categories": [
      "Light Armors"
    ]
  },
  {
    "id": "a199",
    "name": "turan plated mail",
    "cost": {
      "gold": 24
    },
    "protection": {
      "eye": 0,
      "head": 0,
      "body": 20,
      "arm": 20,
      "leg": 20,
      "wing": 20
    },
    "shieldProtection": 0,
    "defence": -3,
    "parry": 0,
    "encumbrance": 4,
    "slotType": "body",
    "requiredSlots": 1,
    "abilities": null,
    "properties": null,
    "rarity": 1,
    "categories": [
      "Heavy Armors"
    ]
  },
  {
    "id": "a202",
    "name": "cloth Armor",
    "cost": {
      "gold": 5.5
    },
    "protection": {
      "eye": 0,
      "head": 0,
      "body": 6,
      "arm": 6,
      "leg": 6,
      "wing": 6
    },
    "shieldProtection": 0,
    "defence": 0,
    "parry": 0,
    "encumbrance": 0,
    "slotType": "body",
    "requiredSlots": 1,
    "abilities": null,
    "properties": null,
    "rarity": 0,
    "categories": [
      "Light Armors"
    ]
  },
  {
    "id": "a203",
    "name": "reinforced cloth Armor",
    "cost": {
      "gold": 7
    },
    "protection": {
      "eye": 0,
      "head": 0,
      "body": 8,
      "arm": 8,
      "leg": 8,
      "wing": 8
    },
    "shieldProtection": 0,
    "defence": 0,
    "parry": 0,
    "encumbrance": 1,
    "slotType": "body",
    "requiredSlots": 1,
    "abilities": null,
    "properties": null,
    "rarity": 0,
    "categories": [
      "Light Armors"
    ]
  },
  {
    "id": "a204",
    "name": "Armor of the sun",
    "cost": {
      "gold": 20
    },
    "protection": {
      "eye": 0,
      "head": 0,
      "body": 16,
      "arm": 16,
      "leg": 16,
      "wing": 16
    },
    "shieldProtection": 0,
    "defence": -2,
    "parry": 0,
    "encumbrance": 3,
    "slotType": "body",
    "requiredSlots": 1,
    "abilities": null,
    "properties": null,
    "rarity": 0,
    "categories": [
      "Medium Armors"
    ]
  },
  {
    "id": "a205",
    "name": "sun cuirass",
    "cost": {
      "gold": 14.5
    },
    "protection": {
      "eye": 0,
      "head": 0,
      "body": 13,
      "arm": 13,
      "leg": 13,
      "wing": 13
    },
    "shieldProtection": 0,
    "defence": -1,
    "parry": 0,
    "encumbrance": 2,
    "slotType": "body",
    "requiredSlots": 1,
    "abilities": null,
    "properties": null,
    "rarity": 0,
    "categories": [
      "Medium Armors"
    ]
  },
  {
    "id": "a206",
    "name": "obsidian cuirass",
    "cost": {
      "gold": 18
    },
    "protection": {
      "eye": 0,
      "head": 0,
      "body": 15,
      "arm": 15,
      "leg": 15,
      "wing": 15
    },
    "shieldProtection": 0,
    "defence": -1,
    "parry": 0,
    "encumbrance": 2,
    "slotType": "body",
    "requiredSlots": 1,
    "abilities": null,
    "properties": null,
    "rarity": 1,
    "categories": [
      "Medium Armors"
    ]
  },
  {
    "id": "a207",
    "name": "wicker shield",
    "cost": {
      "gold": 3
    },
    "protection": {
      "eye": 0,
      "head": 0,
      "body": 0,
      "arm": 0,
      "leg": 0,
      "wing": 0
    },
    "shieldProtection": 13,
    "defence": -1,
    "parry": 4,
    "encumbrance": 1,
    "slotType": "hands",
    "requiredSlots": 1,
    "abilities": null,
    "properties": null,
    "rarity": 0,
    "categories": [
      "Shields"
    ]
  },
  {
    "id": "a208",
    "name": "iron shield",
    "cost": {
      "gold": 7
    },
    "protection": {
      "eye": 0,
      "head": 0,
      "body": 0,
      "arm": 0,
      "leg": 0,
      "wing": 0
    },
    "shieldProtection": 19,
    "defence": -1,
    "parry": 4,
    "encumbrance": 1,
    "slotType": "hands",
    "requiredSlots": 1,
    "abilities": null,
    "properties": null,
    "rarity": 0,
    "categories": [
      "Shields"
    ]
  },
  {
    "id": "a209",
    "name": "hoplon",
    "cost": {
      "gold": 7
    },
    "protection": {
      "eye": 0,
      "head": 0,
      "body": 0,
      "arm": 0,
      "leg": 0,
      "wing": 0
    },
    "shieldProtection": 19,
    "defence": -1,
    "parry": 4,
    "encumbrance": 1,
    "slotType": "hands",
    "requiredSlots": 1,
    "abilities": null,
    "properties": null,
    "rarity": 0,
    "categories": [
      "Shields"
    ]
  },
  {
    "id": "a210",
    "name": "meteorite cuirass",
    "cost": {
      "gold": 18
    },
    "protection": {
      "eye": 0,
      "head": 0,
      "body": 14,
      "arm": 14,
      "leg": 14,
      "wing": 14
    },
    "shieldProtection": 0,
    "defence": -1,
    "parry": 0,
    "encumbrance": 2,
    "slotType": "body",
    "requiredSlots": 1,
    "abilities": {
      "magicResistanceBonus": 1
    },
    "properties": null,
    "rarity": 1,
    "categories": [
      "Medium Armors"
    ]
  },
  {
    "id": "a211",
    "name": "meteorite cap",
    "cost": {
      "gold": 6.5
    },
    "protection": {
      "eye": 16,
      "head": 16,
      "body": 0,
      "arm": 0,
      "leg": 0,
      "wing": 0
    },
    "shieldProtection": 0,
    "defence": 0,
    "parry": 0,
    "encumbrance": 0,
    "slotType": "head",
    "requiredSlots": 1,
    "abilities": null,
    "properties": null,
    "rarity": 1,
    "categories": [
      "Helmets"
    ]
  },
  {
    "id": "a315",
    "name": "leather barding",
    "cost": {
      "gold": 14
    },
    "protection": {
      "eye": 9,
      "head": 9,
      "body": 9,
      "leg": 9,
      "wing": 9
    },
    "shieldProtection": 0,
    "defence": -1,
    "parry": 0,
    "encumbrance": 1,
    "slotType": "body",
    "requiredSlots": 1,
    "abilities": null,
    "properties": null,
    "rarity": 0,
    "categories": [
      "Animal"
    ]
  },
  {
    "id": "a316",
    "name": "ring mail barding",
    "cost": {
      "gold": 17
    },
    "protection": {
      "eye": 12,
      "head": 12,
      "body": 12,
      "leg": 12,
      "wing": 12
    },
    "shieldProtection": 0,
    "defence": -2,
    "parry": 0,
    "encumbrance": 2,
    "slotType": "body",
    "requiredSlots": 1,
    "abilities": null,
    "properties": null,
    "rarity": 0,
    "categories": [
      "Animal"
    ]
  },
  {
    "id": "a317",
    "name": "scale mail barding",
    "cost": {
      "gold": 18
    },
    "protection": {
      "eye": 15,
      "head": 15,
      "body": 15,
      "leg": 15,
      "wing": 15
    },
    "shieldProtection": 0,
    "defence": -2,
    "parry": 0,
    "encumbrance": 3,
    "slotType": "body",
    "requiredSlots": 1,
    "abilities": null,
    "properties": null,
    "rarity": 0,
    "categories": [
      "Animal"
    ]
  },
  {
    "id": "a318",
    "name": "chain mail barding",
    "cost": {
      "gold": 25.5
    },
    "protection": {
      "eye": 18,
      "head": 18,
      "body": 18,
      "leg": 18,
      "wing": 18
    },
    "shieldProtection": 0,
    "defence": -3,
    "parry": 0,
    "encumbrance": 3,
    "slotType": "body",
    "requiredSlots": 1,
    "abilities": null,
    "properties": null,
    "rarity": 0,
    "categories": [
      "Animal"
    ]
  },
  {
    "id": "a319",
    "name": "plate mail barding",
    "cost": {
      "gold": 35
    },
    "protection": {
      "eye": 21,
      "head": 21,
      "body": 21,
      "leg": 21,
      "wing": 21
    },
    "shieldProtection": 0,
    "defence": -3,
    "parry": 0,
    "encumbrance": 5,
    "slotType": "body",
    "requiredSlots": 1,
    "abilities": null,
    "properties": null,
    "rarity": 0,
    "categories": [
      "Animal"
    ]
  },
  {
    "id": "a323",
    "name": "coral barding",
    "cost": {
      "gold": 24,
      "emeralds": 1
    },
    "protection": {
      "eye": 12,
      "head": 12,
      "body": 12,
      "leg": 12,
      "wing": 12
    },
    "shieldProtection": 0,
    "defence": -2,
    "parry": 0,
    "encumbrance": 3,
    "slotType": "body",
    "requiredSlots": 1,
    "abilities": {
      "poisonBarbs": 10
    },
    "properties": null,
    "rarity": 0,
    "categories": [
      "Animal"
    ]
  },
  {
    "id": "a417",
    "name": "lorica dogmata",
    "cost": {
      "gold": 18
    },
    "protection": {
      "eye": 12,
      "head": 12,
      "body": 12,
      "leg": 12,
      "wing": 12
    },
    "shieldProtection": 0,
    "defence": -1,
    "parry": 0,
    "encumbrance": 2,
    "slotType": "body",
    "requiredSlots": 1,
    "abilities": null,
    "properties": null,
    "rarity": 0,
    "categories": [
      "Animal"
    ]
  },
  {
    "id": "a461",
    "name": "jeweled barding",
    "cost": {
      "gold": 14
    },
    "protection": {
      "eye": 7,
      "head": 7,
      "body": 7,
      "leg": 7,
      "wing": 14
    },
    "shieldProtection": 0,
    "defence": 0,
    "parry": 0,
    "encumbrance": 0,
    "slotType": "body",
    "requiredSlots": 1,
    "abilities": null,
    "properties": null,
    "rarity": 0,
    "categories": [
      "Animal"
    ]
  }
]
