[
  {
    "id": "c1",
    "name": "imbued bandages",
    "cost": {
      "gold": 5
    },
    "effects": {
      "duration": 8,
      "healingBonus": 10
    },
    "properties": [
      "singleUse"
    ],
    "rarity": 0,
    "description": "these magically imbued bandages improve your natural Healing rate by 7.5% hp/h."
  },
  {
    "id": "c2",
    "name": "elixir",
    "cost": {
      "gold": 5
    },
    "effects": {
      "healing": 5
    },
    "properties": [
      "singleUse"
    ],
    "rarity": 0,
    "description": "this small elixir will instantly close most wounds."
  },
  {
    "id": "c3",
    "name": "Recuperation balm",
    "cost": {
      "gold": 15
    },
    "effects": {
      "duration": 8,
      "healingBonus": 10
    },
    "properties": [
      "singleUse",
      "recuperation"
    ],
    "rarity": 0,
    "description": "this balm can regenerate even the ugliest old scars over time. +7.5% hp/h and unlocks the Recuperation trait while it lasts."
  }
]