[
  {
    "id": "t1",
    "name": "ironfang",
    "cost": {
      "gold": 5
    },
    "encumbrance": 0,
    "slotType": "miscellaneous",
    "requiredSlots": 1,
    "abilities": null,
    "properties": null,
    "rarity": 0,
    "categories": [
      "Miscellaneous"
    ],
    "description": "This trinket will make even the most docile dog appear ferocious. the basic bite -e322- of animals becomes piercing."
  },
  {
    "id": "t2",
    "name": "ring of Cold Resistance",
    "cost": {
      "gold": 10,
      "sapphires": 3
    },
    "encumbrance": 0,
    "slotType": "miscellaneous",
    "requiredSlots": 1,
    "abilities": {
      "coldResistance": 5
    },
    "properties": null,
    "rarity": 0,
    "categories": [
      "Miscellaneous"
    ],
    "description": "A crucial piece of equipment for anyone insane enough to explore the highest peaks of this world."
  },
  {
    "id": "t3",
    "name": "Ring of Fire Resistance",
    "cost": {
      "gold": 10,
      "rubies": 3
    },
    "encumbrance": 0,
    "slotType": "miscellaneous",
    "requiredSlots": 1,
    "abilities": {
      "fireResistance": 5
    },
    "properties": null,
    "rarity": 0,
    "categories": [
      "Miscellaneous"
    ],
    "description": "A crucial piece of equipment for anyone insane enough to explore the scorching deserts of this world."
  },
  {
    "id": "t4",
    "name": "Ring of Poison Resistance",
    "cost": {
      "gold": 10,
      "emeralds": 3
    },
    "encumbrance": 0,
    "slotType": "miscellaneous",
    "requiredSlots": 1,
    "abilities": {
      "poisonResistance": 5
    },
    "properties": null,
    "rarity": 0,
    "categories": [
      "Miscellaneous"
    ],
    "description": "A crucial piece of equipment for anyone insane enough to explore the noxious swamps of this world."
  },
  {
    "id": "t5",
    "name": "ring of Shock Resistance",
    "cost": {
      "gold": 10,
      "diamonds": 3
    },
    "encumbrance": 0,
    "slotType": "miscellaneous",
    "requiredSlots": 1,
    "abilities": {
      "shockResistance": 5
    },
    "properties": null,
    "rarity": 0,
    "categories": [
      "Miscellaneous"
    ],
    "description": "A crucial piece of equipment for anyone insane enough to explore the lightning storms of this world."
  },
  {
    "id": "t6",
    "name": "crystalized warrior's Blood",
    "cost": {
      "gold": 18,
      "bloodstones": 4
    },
    "encumbrance": 0,
    "slotType": "miscellaneous",
    "requiredSlots": 1,
    "abilities": {
      "strengthBonus": 1,
      "attackBonus": 1
    },
    "properties": null,
    "rarity": 0,
    "categories": [
      "Miscellaneous"
    ],
    "description": "You've been told that this gem is the crystalized Blood of a great warrior of times past. as you hold it in your hand the thought itself seems to fill you with Strength: +1 str and +1 Attack."
  },
  {
    "id": "t7",
    "name": "Barkskin amulet",
    "cost": {
      "gold": 15,
      "emeralds": 4
    },
    "encumbrance": 0,
    "slotType": "miscellaneous",
    "requiredSlots": 1,
    "abilities": {
      "fireResistance": -5
    },
    "properties": [
      "barkskin"
    ],
    "rarity": 0,
    "categories": [
      "Miscellaneous"
    ],
    "description": "This Magical amulet turns your flesh rough and barklike... which makes you a great target practice for those Fireballs (natural prot is set to 10 or +1 if already >= that, -5 Fire Resistance)"
  },
  {
    "id": "t8",
    "name": "champion's skull",
    "cost": {
      "gold": 15,
      "onyxes": 4
    },
    "encumbrance": 0,
    "slotType": "miscellaneous",
    "requiredSlots": 1,
    "abilities": null,
    "properties": null,
    "rarity": 0,
    "categories": [
      "Miscellaneous"
    ],
    "description": "Apparently this is the skull of a Legendary general. it is said that carrying it through training helps to gain insight and skill faster: +5% on each minute tick for task completion."
  },
  {
    "id": "t9",
    "name": "pendant of fate",
    "cost": {
      "gold": 15,
      "pearls": 4
    },
    "encumbrance": 0,
    "slotType": "miscellaneous",
    "requiredSlots": 1,
    "abilities": null,
    "properties": [
      "twistFate"
    ],
    "rarity": 0,
    "categories": [
      "Miscellaneous"
    ],
    "description": "This pendant will Magically prevent some catastrophes from striking the wearer. not that its effectiveness could ever be verified."
  },
  {
    "id": "t10",
    "name": "vigorous belt",
    "cost": {
      "gold": 20,
      "topazes": 5
    },
    "encumbrance": 0,
    "slotType": "miscellaneous",
    "requiredSlots": 1,
    "abilities": {
      "reinvigoration": 2
    },
    "properties": null,
    "rarity": 0,
    "categories": [
      "Miscellaneous"
    ],
    "description": "This belt is highly sought after by those who wear heavier Armor. It will constantly reinvigorate the wearer, decreasing their fatigue."
  }
]